date;clientid;utm_campaign;total_events;visit_events;registration_events;login_events;visit_to_login_events;total_pay_events;accepted_method_actions;avg_payment;made_payments;sum_payments;rejects_share
2021-06-01 00:00:00;615020;web_2;7;4;1;2;1;0;0;0.00;0.00;0.00;
2021-08-01 00:00:00;615020;web_2;5;5;0;0;0;0;0;0.00;0.00;0.00;
2021-07-01 00:00:00;615020;web_2;6;6;0;0;0;0;0;0.00;0.00;0.00;
2021-09-01 00:00:00;488878;web_3;8;8;0;0;0;0;0;0.00;0.00;0.00;
2021-11-01 00:00:00;488878;web_3;6;6;0;0;0;0;0;0.00;0.00;0.00;
2021-10-01 00:00:00;488878;web_3;11;11;0;0;0;0;0;0.00;0.00;0.00;
2021-10-01 00:00:00;930950;web_3;14;7;1;6;4;16;4;457.15;4.00;7314.34;0.00
2021-09-01 00:00:00;930950;web_3;2;2;0;0;0;0;0;0.00;0.00;0.00;
2021-12-01 00:00:00;930950;web_3;2;2;0;0;0;0;0;0.00;0.00;0.00;
2021-11-01 00:00:00;930950;web_3;12;8;0;4;4;8;2;320.36;1.00;2562.86;0.32
2021-02-01 00:00:00;218833;web_3;1;1;0;0;0;0;0;0.00;0.00;0.00;
2021-01-01 00:00:00;218833;web_3;1;1;0;0;0;0;0;0.00;0.00;0.00;
2021-03-01 00:00:00;918743;web_2;8;8;0;0;0;0;0;0.00;0.00;0.00;
2021-04-01 00:00:00;918743;web_2;4;4;0;0;0;0;0;0.00;0.00;0.00;
2021-10-01 00:00:00;933600;web_2;18;10;0;8;6;4;1;594.81;1.00;2379.23;0.00
2021-09-01 00:00:00;933600;web_2;2;1;1;0;0;0;0;0.00;0.00;0.00;
2021-11-01 00:00:00;933600;web_2;3;3;0;0;0;0;0;0.00;0.00;0.00;
2021-12-01 00:00:00;607473;google_ads;14;8;1;5;3;8;2;69.68;1.00;557.41;2.21
2021-03-01 00:00:00;772215;google_ads;11;11;0;0;0;0;0;0.00;0.00;0.00;
2021-02-01 00:00:00;772215;google_ads;8;8;0;0;0;0;0;0.00;0.00;0.00;
2021-05-01 00:00:00;772215;google_ads;6;6;0;0;0;0;0;0.00;0.00;0.00;
2021-04-01 00:00:00;772215;google_ads;5;5;0;0;0;0;0;0.00;0.00;0.00;
2021-11-01 00:00:00;234909;web_2;7;7;0;0;0;0;0;0.00;0.00;0.00;
2021-12-01 00:00:00;234909;web_2;5;5;0;0;0;0;0;0.00;0.00;0.00;
2021-03-01 00:00:00;219151;google_ads;4;4;0;0;0;0;0;0.00;0.00;0.00;
2021-02-01 00:00:00;219151;google_ads;3;3;0;0;0;0;0;0.00;0.00;0.00;
2021-12-01 00:00:00;454218;google_ads;13;6;1;6;4;4;1;0.00;0.00;0.00;
2021-12-01 00:00:00;347062;web_3;3;3;0;0;0;0;0;0.00;0.00;0.00;
2021-02-01 00:00:00;839098;web_1;4;4;0;0;0;0;0;0.00;0.00;0.00;
2021-11-01 00:00:00;625271;google_ads;4;4;0;0;0;0;0;0.00;0.00;0.00;
2021-10-01 00:00:00;625271;google_ads;6;6;0;0;0;0;0;0.00;0.00;0.00;
2021-03-01 00:00:00;620946;google_ads;8;8;0;0;0;0;0;0.00;0.00;0.00;
2021-05-01 00:00:00;620946;google_ads;4;4;0;0;0;0;0;0.00;0.00;0.00;
2021-04-01 00:00:00;620946;google_ads;12;12;0;0;0;0;0;0.00;0.00;0.00;
2021-12-01 00:00:00;300290;web_2;5;5;0;0;0;0;0;0.00;0.00;0.00;
2021-06-01 00:00:00;601136;web_3;8;4;1;3;1;4;1;0.00;0.00;0.00;
2021-10-01 00:00:00;571161;google_ads;3;3;0;0;0;0;0;0.00;0.00;0.00;
2021-04-01 00:00:00;123878;web_2;9;8;0;1;1;0;0;0.00;0.00;0.00;
2021-03-01 00:00:00;123878;web_2;9;6;1;2;1;4;1;0.00;0.00;0.00;
2021-06-01 00:00:00;123878;web_2;3;3;0;0;0;0;0;0.00;0.00;0.00;
2021-05-01 00:00:00;123878;web_2;8;8;0;0;0;0;0;0.00;0.00;0.00;
2021-12-01 00:00:00;214662;web_3;10;5;1;4;2;0;0;0.00;0.00;0.00;
2021-02-01 00:00:00;813842;web_1;6;6;0;0;0;0;0;0.00;0.00;0.00;
2021-01-01 00:00:00;813842;web_1;6;6;0;0;0;0;0;0.00;0.00;0.00;
2021-03-01 00:00:00;933772;web_3;5;5;0;0;0;0;0;0.00;0.00;0.00;
2021-04-01 00:00:00;933772;web_3;2;2;0;0;0;0;0;0.00;0.00;0.00;
2021-03-01 00:00:00;605490;web_1;3;3;0;0;0;0;0;0.00;0.00;0.00;
2021-04-01 00:00:00;605490;web_1;4;4;0;0;0;0;0;0.00;0.00;0.00;
2021-04-01 00:00:00;233508;web_3;9;5;1;3;2;4;1;438.47;1.00;1753.89;0.00
2021-03-01 00:00:00;233508;web_3;1;1;0;0;0;0;0;0.00;0.00;0.00;
2021-04-01 00:00:00;101838;web_2;9;9;0;0;0;0;0;0.00;0.00;0.00;
2021-03-01 00:00:00;101838;web_2;7;5;1;1;1;4;1;0.00;0.00;0.00;
2021-05-01 00:00:00;101838;web_2;8;8;0;0;0;0;0;0.00;0.00;0.00;
2021-09-01 00:00:00;743661;web_2;6;6;0;0;0;0;0;0.00;0.00;0.00;
2021-04-01 00:00:00;255008;google_ads;19;8;1;10;4;16;4;229.50;3.00;3672.02;0.66
2021-06-01 00:00:00;255008;google_ads;7;7;0;0;0;0;0;0.00;0.00;0.00;
2021-05-01 00:00:00;255008;google_ads;11;11;0;0;0;0;0;0.00;0.00;0.00;
2021-11-01 00:00:00;532504;web_3;5;5;0;0;0;0;0;0.00;0.00;0.00;
2021-12-01 00:00:00;532504;web_3;14;10;1;3;1;4;1;196.26;1.00;785.05;0.00
2021-11-01 00:00:00;111084;web_1;3;3;0;0;0;0;0;0.00;0.00;0.00;
2021-12-01 00:00:00;111084;web_1;8;8;0;0;0;0;0;0.00;0.00;0.00;
2021-03-01 00:00:00;752819;web_3;10;10;0;0;0;0;0;0.00;0.00;0.00;
2021-02-01 00:00:00;752819;web_3;8;8;0;0;0;0;0;0.00;0.00;0.00;
2021-01-01 00:00:00;752819;web_3;2;2;0;0;0;0;0;0.00;0.00;0.00;
2021-04-01 00:00:00;752819;web_3;3;3;0;0;0;0;0;0.00;0.00;0.00;
2021-12-01 00:00:00;820431;web_1;2;2;0;0;0;0;0;0.00;0.00;0.00;
2021-10-01 00:00:00;751071;web_2;12;7;1;4;3;0;0;0.00;0.00;0.00;
2021-06-01 00:00:00;581436;web_2;7;7;0;0;0;0;0;0.00;0.00;0.00;
2021-05-01 00:00:00;581436;web_2;8;5;1;2;2;4;1;262.08;1.00;1048.30;0.00
2021-09-01 00:00:00;501119;web_3;10;10;0;0;0;0;0;0.00;0.00;0.00;
2021-08-01 00:00:00;501119;web_3;10;5;1;4;1;4;1;0.00;0.00;0.00;
2021-11-01 00:00:00;501119;web_3;1;1;0;0;0;0;0;0.00;0.00;0.00;
2021-10-01 00:00:00;501119;web_3;8;8;0;0;0;0;0;0.00;0.00;0.00;
2021-11-01 00:00:00;840193;google_ads;10;10;0;0;0;0;0;0.00;0.00;0.00;
2021-10-01 00:00:00;840193;google_ads;12;6;1;5;2;0;0;0.00;0.00;0.00;
2021-12-01 00:00:00;840193;google_ads;3;3;0;0;0;0;0;0.00;0.00;0.00;
2021-12-01 00:00:00;924537;web_3;11;4;1;6;2;8;2;93.17;1.00;745.36;2.25
2021-09-01 00:00:00;591087;web_3;4;4;0;0;0;0;0;0.00;0.00;0.00;
2021-08-01 00:00:00;591087;web_3;9;9;0;0;0;0;0;0.00;0.00;0.00;
2021-07-01 00:00:00;591087;web_3;5;5;0;0;0;0;0;0.00;0.00;0.00;
2021-11-01 00:00:00;434684;web_3;4;4;0;0;0;0;0;0.00;0.00;0.00;
2021-03-01 00:00:00;614024;web_1;12;6;1;5;3;4;1;0.00;0.00;0.00;
2021-04-01 00:00:00;614024;web_1;4;4;0;0;0;0;0;0.00;0.00;0.00;
2021-06-01 00:00:00;548379;web_1;6;2;1;3;1;4;1;0.00;0.00;0.00;
2021-08-01 00:00:00;548379;web_1;8;8;0;0;0;0;0;0.00;0.00;0.00;
2021-07-01 00:00:00;548379;web_1;8;6;0;2;2;4;1;91.56;1.00;366.23;0.00
2021-11-01 00:00:00;534097;web_1;4;4;0;0;0;0;0;0.00;0.00;0.00;
2021-12-01 00:00:00;534097;web_1;4;4;0;0;0;0;0;0.00;0.00;0.00;
2021-12-01 00:00:00;173004;web_3;7;7;0;0;0;0;0;0.00;0.00;0.00;
2021-03-01 00:00:00;610577;web_3;12;12;0;0;0;0;0;0.00;0.00;0.00;
2021-02-01 00:00:00;610577;web_3;8;6;1;1;1;4;1;685.55;1.00;2742.18;0.00
2021-04-01 00:00:00;610577;web_3;10;10;0;0;0;0;0;0.00;0.00;0.00;
2021-11-01 00:00:00;250733;web_2;12;12;0;0;0;0;0;0.00;0.00;0.00;
2021-10-01 00:00:00;250733;web_2;2;2;0;0;0;0;0;0.00;0.00;0.00;
2021-12-01 00:00:00;250733;web_2;10;10;0;0;0;0;0;0.00;0.00;0.00;
2021-03-01 00:00:00;787474;google_ads;11;11;0;0;0;0;0;0.00;0.00;0.00;
2021-02-01 00:00:00;787474;google_ads;8;8;0;0;0;0;0;0.00;0.00;0.00;
2021-05-01 00:00:00;787474;google_ads;3;3;0;0;0;0;0;0.00;0.00;0.00;
2021-04-01 00:00:00;787474;google_ads;8;8;0;0;0;0;0;0.00;0.00;0.00;
2021-09-01 00:00:00;541125;web_3;13;6;0;7;4;8;2;170.00;1.00;1359.97;1.99
2021-08-01 00:00:00;541125;web_3;4;3;1;0;0;0;0;0.00;0.00;0.00;
2021-10-01 00:00:00;541125;web_3;1;0;0;1;0;0;0;0.00;0.00;0.00;
2021-08-01 00:00:00;838934;web_1;10;10;0;0;0;0;0;0.00;0.00;0.00;
2021-07-01 00:00:00;838934;web_1;2;2;0;0;0;0;0;0.00;0.00;0.00;
2021-09-01 00:00:00;838934;web_1;1;1;0;0;0;0;0;0.00;0.00;0.00;
2021-06-01 00:00:00;624008;web_3;1;1;0;0;0;0;0;0.00;0.00;0.00;
2021-09-01 00:00:00;624008;web_3;1;1;0;0;0;0;0;0.00;0.00;0.00;
2021-08-01 00:00:00;624008;web_3;9;9;0;0;0;0;0;0.00;0.00;0.00;
2021-07-01 00:00:00;624008;web_3;8;8;0;0;0;0;0;0.00;0.00;0.00;
2021-10-01 00:00:00;696577;web_3;10;10;0;0;0;0;0;0.00;0.00;0.00;
2021-09-01 00:00:00;696577;web_3;1;1;0;0;0;0;0;0.00;0.00;0.00;
2021-09-01 00:00:00;380741;web_1;12;8;1;3;1;4;1;171.30;1.00;685.20;0.00
2021-11-01 00:00:00;380741;web_1;10;10;0;0;0;0;0;0.00;0.00;0.00;
2021-10-01 00:00:00;380741;web_1;8;8;0;0;0;0;0;0.00;0.00;0.00;
2021-12-01 00:00:00;380741;web_1;1;1;0;0;0;0;0;0.00;0.00;0.00;
2021-09-01 00:00:00;221327;web_1;7;7;0;0;0;0;0;0.00;0.00;0.00;
2021-08-01 00:00:00;221327;web_1;3;3;0;0;0;0;0;0.00;0.00;0.00;
2021-11-01 00:00:00;103716;web_1;11;8;1;2;0;4;1;220.95;1.00;883.79;0.00
2021-12-01 00:00:00;103716;web_1;9;9;0;0;0;0;0;0.00;0.00;0.00;
2021-04-01 00:00:00;120276;web_3;8;8;0;0;0;0;0;0.00;0.00;0.00;
2021-03-01 00:00:00;120276;web_3;8;8;0;0;0;0;0;0.00;0.00;0.00;
2021-02-01 00:00:00;120276;web_3;9;9;0;0;0;0;0;0.00;0.00;0.00;
2021-01-01 00:00:00;120276;web_3;5;5;0;0;0;0;0;0.00;0.00;0.00;
2021-06-01 00:00:00;359953;google_ads;14;7;1;6;3;8;2;99.88;1.00;799.01;2.29
2021-07-01 00:00:00;359953;google_ads;16;12;0;4;4;8;2;285.89;1.00;2287.15;1.19
2021-06-01 00:00:00;393273;web_3;2;2;0;0;0;0;0;0.00;0.00;0.00;
2021-09-01 00:00:00;393273;web_3;8;8;0;0;0;0;0;0.00;0.00;0.00;
2021-08-01 00:00:00;393273;web_3;6;6;0;0;0;0;0;0.00;0.00;0.00;
2021-07-01 00:00:00;393273;web_3;10;10;0;0;0;0;0;0.00;0.00;0.00;
2021-11-01 00:00:00;507281;web_1;1;1;0;0;0;0;0;0.00;0.00;0.00;
2021-12-01 00:00:00;507281;web_1;15;12;1;2;1;0;0;0.00;0.00;0.00;
2021-06-01 00:00:00;652392;web_2;10;10;0;0;0;0;0;0.00;0.00;0.00;
2021-05-01 00:00:00;652392;web_2;9;7;1;1;0;0;0;0.00;0.00;0.00;
2021-08-01 00:00:00;652392;web_2;4;4;0;0;0;0;0;0.00;0.00;0.00;
2021-07-01 00:00:00;652392;web_2;9;9;0;0;0;0;0;0.00;0.00;0.00;
2021-06-01 00:00:00;625679;web_1;9;9;0;0;0;0;0;0.00;0.00;0.00;
2021-05-01 00:00:00;625679;web_1;9;9;0;0;0;0;0;0.00;0.00;0.00;
2021-04-01 00:00:00;625679;web_1;1;1;0;0;0;0;0;0.00;0.00;0.00;
2021-07-01 00:00:00;625679;web_1;9;9;0;0;0;0;0;0.00;0.00;0.00;
2021-03-01 00:00:00;269083;google_ads;3;3;0;0;0;0;0;0.00;0.00;0.00;
2021-02-01 00:00:00;269083;google_ads;16;10;0;6;4;4;1;105.81;1.00;423.23;0.00
2021-01-01 00:00:00;269083;google_ads;13;8;1;4;4;4;1;382.37;1.00;1529.47;0.00
2021-06-01 00:00:00;208031;web_3;4;4;0;0;0;0;0;0.00;0.00;0.00;
2021-08-01 00:00:00;208031;web_3;12;12;0;0;0;0;0;0.00;0.00;0.00;
2021-07-01 00:00:00;208031;web_3;11;11;0;0;0;0;0;0.00;0.00;0.00;
2021-05-01 00:00:00;786664;web_3;7;7;0;0;0;0;0;0.00;0.00;0.00;
2021-04-01 00:00:00;786664;web_3;4;4;0;0;0;0;0;0.00;0.00;0.00;
2021-11-01 00:00:00;415242;web_3;12;9;0;3;3;8;2;83.88;1.00;671.04;1.82
2021-10-01 00:00:00;415242;web_3;14;6;1;7;4;0;0;0.00;0.00;0.00;
2021-12-01 00:00:00;415242;web_3;10;10;0;0;0;0;0;0.00;0.00;0.00;
2021-10-01 00:00:00;481470;web_1;4;4;0;0;0;0;0;0.00;0.00;0.00;
2021-09-01 00:00:00;245266;web_3;1;1;0;0;0;0;0;0.00;0.00;0.00;
2021-11-01 00:00:00;245266;web_3;9;9;0;0;0;0;0;0.00;0.00;0.00;
2021-10-01 00:00:00;245266;web_3;12;6;1;5;2;8;2;593.79;2.00;4750.29;0.00
2021-12-01 00:00:00;245266;web_3;2;2;0;0;0;0;0;0.00;0.00;0.00;
2021-11-01 00:00:00;873201;web_3;3;3;0;0;0;0;0;0.00;0.00;0.00;
2021-12-01 00:00:00;873201;web_3;10;10;0;0;0;0;0;0.00;0.00;0.00;
2021-04-01 00:00:00;402675;web_2;4;4;0;0;0;0;0;0.00;0.00;0.00;
2021-05-01 00:00:00;402675;web_2;4;4;0;0;0;0;0;0.00;0.00;0.00;
2021-06-01 00:00:00;947308;web_3;9;9;0;0;0;0;0;0.00;0.00;0.00;
2021-05-01 00:00:00;947308;web_3;7;7;0;0;0;0;0;0.00;0.00;0.00;
2021-04-01 00:00:00;947308;web_3;4;4;0;0;0;0;0;0.00;0.00;0.00;
2021-07-01 00:00:00;947308;web_3;3;3;0;0;0;0;0;0.00;0.00;0.00;
2021-12-01 00:00:00;748806;google_ads;6;6;0;0;0;0;0;0.00;0.00;0.00;
2021-04-01 00:00:00;227327;web_2;9;9;0;0;0;0;0;0.00;0.00;0.00;
2021-03-01 00:00:00;227327;web_2;6;6;0;0;0;0;0;0.00;0.00;0.00;
2021-05-01 00:00:00;227327;web_2;8;8;0;0;0;0;0;0.00;0.00;0.00;
2021-05-01 00:00:00;583736;google_ads;4;4;0;0;0;0;0;0.00;0.00;0.00;
2021-04-01 00:00:00;583736;google_ads;1;1;0;0;0;0;0;0.00;0.00;0.00;
2021-05-01 00:00:00;737290;web_3;11;11;0;0;0;0;0;0.00;0.00;0.00;
2021-04-01 00:00:00;737290;web_3;1;1;0;0;0;0;0;0.00;0.00;0.00;
2021-03-01 00:00:00;110717;web_3;1;1;0;0;0;0;0;0.00;0.00;0.00;
2021-02-01 00:00:00;110717;web_3;7;7;0;0;0;0;0;0.00;0.00;0.00;
2021-04-01 00:00:00;238540;web_1;6;6;0;0;0;0;0;0.00;0.00;0.00;
2021-03-01 00:00:00;238540;web_1;8;8;0;0;0;0;0;0.00;0.00;0.00;
2021-02-01 00:00:00;238540;web_1;4;4;0;0;0;0;0;0.00;0.00;0.00;
2021-12-01 00:00:00;213071;web_2;3;2;1;0;0;0;0;0.00;0.00;0.00;
2021-12-01 00:00:00;398186;web_1;4;4;0;0;0;0;0;0.00;0.00;0.00;
2021-06-01 00:00:00;339006;web_1;6;6;0;0;0;0;0;0.00;0.00;0.00;
2021-08-01 00:00:00;339006;web_1;12;12;0;0;0;0;0;0.00;0.00;0.00;
2021-07-01 00:00:00;339006;web_1;11;11;0;0;0;0;0;0.00;0.00;0.00;
2021-03-01 00:00:00;676238;web_2;1;1;0;0;0;0;0;0.00;0.00;0.00;
2021-02-01 00:00:00;676238;web_2;8;8;0;0;0;0;0;0.00;0.00;0.00;
2021-01-01 00:00:00;676238;web_2;5;5;0;0;0;0;0;0.00;0.00;0.00;
2021-04-01 00:00:00;405252;web_3;6;6;0;0;0;0;0;0.00;0.00;0.00;
2021-03-01 00:00:00;405252;web_3;11;11;0;0;0;0;0;0.00;0.00;0.00;
2021-02-01 00:00:00;405252;web_3;7;7;0;0;0;0;0;0.00;0.00;0.00;
2021-05-01 00:00:00;405252;web_3;5;5;0;0;0;0;0;0.00;0.00;0.00;
2021-06-01 00:00:00;206338;web_3;2;2;0;0;0;0;0;0.00;0.00;0.00;
2021-09-01 00:00:00;206338;web_3;3;3;0;0;0;0;0;0.00;0.00;0.00;
2021-08-01 00:00:00;206338;web_3;7;7;0;0;0;0;0;0.00;0.00;0.00;
2021-07-01 00:00:00;206338;web_3;7;7;0;0;0;0;0;0.00;0.00;0.00;
2021-08-01 00:00:00;651480;web_1;2;2;0;0;0;0;0;0.00;0.00;0.00;
2021-11-01 00:00:00;651480;web_1;4;4;0;0;0;0;0;0.00;0.00;0.00;
2021-10-01 00:00:00;651480;web_1;7;7;0;0;0;0;0;0.00;0.00;0.00;
2021-09-01 00:00:00;651480;web_1;8;8;0;0;0;0;0;0.00;0.00;0.00;
2021-06-01 00:00:00;780379;google_ads;7;7;0;0;0;0;0;0.00;0.00;0.00;
2021-07-01 00:00:00;780379;google_ads;1;1;0;0;0;0;0;0.00;0.00;0.00;
2021-06-01 00:00:00;846159;web_2;5;3;1;1;1;0;0;0.00;0.00;0.00;
2021-08-01 00:00:00;846159;web_2;7;7;0;0;0;0;0;0.00;0.00;0.00;
2021-07-01 00:00:00;846159;web_2;9;7;0;2;1;8;2;317.82;2.00;2542.58;0.00
2021-09-01 00:00:00;348471;google_ads;15;7;0;8;7;16;4;452.52;4.00;7240.39;0.00
2021-08-01 00:00:00;348471;google_ads;10;7;1;2;2;4;1;0.00;0.00;0.00;
2021-11-01 00:00:00;348471;google_ads;4;4;0;0;0;0;0;0.00;0.00;0.00;
2021-10-01 00:00:00;348471;google_ads;7;7;0;0;0;0;0;0.00;0.00;0.00;
2021-04-01 00:00:00;301553;web_3;8;8;0;0;0;0;0;0.00;0.00;0.00;
2021-03-01 00:00:00;301553;web_3;6;6;0;0;0;0;0;0.00;0.00;0.00;
2021-05-01 00:00:00;301553;web_3;1;1;0;0;0;0;0;0.00;0.00;0.00;
2021-03-01 00:00:00;694592;web_1;11;7;0;4;3;4;1;35.53;1.00;142.13;0.00
2021-02-01 00:00:00;694592;web_1;7;5;1;1;1;4;1;0.00;0.00;0.00;
2021-06-01 00:00:00;694592;web_1;2;2;0;0;0;0;0;0.00;0.00;0.00;
2021-05-01 00:00:00;694592;web_1;8;8;0;0;0;0;0;0.00;0.00;0.00;
2021-04-01 00:00:00;694592;web_1;8;8;0;0;0;0;0;0.00;0.00;0.00;
2021-03-01 00:00:00;915716;web_3;5;5;0;0;0;0;0;0.00;0.00;0.00;
2021-02-01 00:00:00;915716;web_3;5;5;0;0;0;0;0;0.00;0.00;0.00;
2021-11-01 00:00:00;588806;google_ads;6;6;0;0;0;0;0;0.00;0.00;0.00;
2021-12-01 00:00:00;588806;google_ads;9;9;0;0;0;0;0;0.00;0.00;0.00;
2021-11-01 00:00:00;160843;web_3;5;5;0;0;0;0;0;0.00;0.00;0.00;
2021-12-01 00:00:00;160843;web_3;1;1;0;0;0;0;0;0.00;0.00;0.00;
2021-06-01 00:00:00;940045;web_2;9;7;1;1;1;4;1;671.39;1.00;2685.57;0.00
2021-07-01 00:00:00;940045;web_2;5;5;0;0;0;0;0;0.00;0.00;0.00;
2021-02-01 00:00:00;427115;google_ads;7;7;0;0;0;0;0;0.00;0.00;0.00;
2021-06-01 00:00:00;577511;google_ads;11;7;1;3;2;4;1;277.97;1.00;1111.86;0.00
2021-07-01 00:00:00;577511;google_ads;9;9;0;0;0;0;0;0.00;0.00;0.00;
2021-11-01 00:00:00;828654;web_3;9;9;0;0;0;0;0;0.00;0.00;0.00;
2021-10-01 00:00:00;828654;web_3;9;9;0;0;0;0;0;0.00;0.00;0.00;
2021-12-01 00:00:00;828654;web_3;7;7;0;0;0;0;0;0.00;0.00;0.00;
2021-11-01 00:00:00;788205;web_2;1;1;0;0;0;0;0;0.00;0.00;0.00;
2021-12-01 00:00:00;788205;web_2;14;9;1;4;1;4;1;325.72;1.00;1302.89;0.00
2021-07-01 00:00:00;186815;web_2;5;5;0;0;0;0;0;0.00;0.00;0.00;
2021-10-01 00:00:00;781336;web_3;6;6;0;0;0;0;0;0.00;0.00;0.00;
2021-09-01 00:00:00;781336;web_3;2;2;0;0;0;0;0;0.00;0.00;0.00;
2021-02-01 00:00:00;260135;google_ads;5;0;0;5;1;8;2;317.61;2.00;2540.84;0.00
2021-01-01 00:00:00;260135;google_ads;14;8;1;5;3;12;3;372.86;2.00;4474.33;0.05
2021-04-01 00:00:00;374356;web_1;5;3;1;1;0;0;0;0.00;0.00;0.00;
2021-06-01 00:00:00;374356;web_1;5;5;0;0;0;0;0;0.00;0.00;0.00;
2021-05-01 00:00:00;374356;web_1;13;10;0;3;2;4;1;196.12;1.00;784.48;0.00
2021-12-01 00:00:00;456804;web_1;6;5;1;0;0;0;0;0.00;0.00;0.00;
2021-11-01 00:00:00;487055;web_3;8;8;0;0;0;0;0;0.00;0.00;0.00;
2021-11-01 00:00:00;524016;web_2;5;3;1;1;0;4;1;195.82;1.00;783.26;0.00
2021-12-01 00:00:00;524016;web_2;2;1;0;1;1;0;0;0.00;0.00;0.00;
2021-11-01 00:00:00;858329;web_3;4;4;0;0;0;0;0;0.00;0.00;0.00;
2021-12-01 00:00:00;858329;web_3;11;11;0;0;0;0;0;0.00;0.00;0.00;
2021-03-01 00:00:00;869459;web_2;9;9;0;0;0;0;0;0.00;0.00;0.00;
2021-02-01 00:00:00;869459;web_2;3;3;0;0;0;0;0;0.00;0.00;0.00;
2021-04-01 00:00:00;869459;web_2;9;9;0;0;0;0;0;0.00;0.00;0.00;
2021-06-01 00:00:00;416084;web_2;2;2;0;0;0;0;0;0.00;0.00;0.00;
2021-07-01 00:00:00;416084;web_2;8;8;0;0;0;0;0;0.00;0.00;0.00;
2021-03-01 00:00:00;842419;web_1;12;12;0;0;0;0;0;0.00;0.00;0.00;
2021-02-01 00:00:00;842419;web_1;1;1;0;0;0;0;0;0.00;0.00;0.00;
2021-04-01 00:00:00;842419;web_1;2;2;0;0;0;0;0;0.00;0.00;0.00;
2021-03-01 00:00:00;627785;web_3;4;4;0;0;0;0;0;0.00;0.00;0.00;
2021-02-01 00:00:00;627785;web_3;8;8;0;0;0;0;0;0.00;0.00;0.00;
2021-01-01 00:00:00;627785;web_3;4;4;0;0;0;0;0;0.00;0.00;0.00;
2021-09-01 00:00:00;553628;google_ads;5;0;0;5;0;8;2;509.61;2.00;4076.87;0.00
2021-08-01 00:00:00;553628;google_ads;7;2;1;4;0;8;2;516.22;2.00;4129.73;0.00
2021-03-01 00:00:00;704287;web_3;15;10;0;5;3;8;2;173.73;1.00;1389.81;2.02
2021-02-01 00:00:00;704287;web_3;4;2;1;1;0;0;0;0.00;0.00;0.00;
2021-06-01 00:00:00;704287;web_3;2;2;0;0;0;0;0;0.00;0.00;0.00;
2021-05-01 00:00:00;704287;web_3;9;9;0;0;0;0;0;0.00;0.00;0.00;
2021-04-01 00:00:00;704287;web_3;8;8;0;0;0;0;0;0.00;0.00;0.00;
2021-12-01 00:00:00;258115;google_ads;8;8;0;0;0;0;0;0.00;0.00;0.00;
2021-04-01 00:00:00;195186;web_1;4;4;0;0;0;0;0;0.00;0.00;0.00;
2021-03-01 00:00:00;195186;web_1;12;10;1;1;1;0;0;0.00;0.00;0.00;
2021-02-01 00:00:00;195186;web_1;1;1;0;0;0;0;0;0.00;0.00;0.00;
2021-06-01 00:00:00;871406;google_ads;3;0;0;3;0;4;1;248.84;1.00;995.36;0.00
2021-05-01 00:00:00;871406;google_ads;13;8;1;4;2;4;1;630.62;1.00;2522.47;0.00
2021-02-01 00:00:00;898039;web_1;2;0;0;2;1;0;0;0.00;0.00;0.00;
2021-01-01 00:00:00;898039;web_1;9;6;1;2;1;4;1;0.00;0.00;0.00;
2021-11-01 00:00:00;580844;web_3;4;4;0;0;0;0;0;0.00;0.00;0.00;
2021-12-01 00:00:00;580844;web_3;8;8;0;0;0;0;0;0.00;0.00;0.00;
2021-11-01 00:00:00;591696;web_2;7;7;0;0;0;0;0;0.00;0.00;0.00;
2021-10-01 00:00:00;591696;web_2;2;2;0;0;0;0;0;0.00;0.00;0.00;
2021-12-01 00:00:00;591696;web_2;9;9;0;0;0;0;0;0.00;0.00;0.00;
2021-11-01 00:00:00;444755;web_1;2;2;0;0;0;0;0;0.00;0.00;0.00;
2021-12-01 00:00:00;444755;web_1;9;9;0;0;0;0;0;0.00;0.00;0.00;
2021-03-01 00:00:00;838294;web_3;9;9;0;0;0;0;0;0.00;0.00;0.00;
2021-02-01 00:00:00;838294;web_3;2;2;0;0;0;0;0;0.00;0.00;0.00;
2021-06-01 00:00:00;838294;web_3;2;2;0;0;0;0;0;0.00;0.00;0.00;
2021-05-01 00:00:00;838294;web_3;9;9;0;0;0;0;0;0.00;0.00;0.00;
2021-04-01 00:00:00;838294;web_3;9;9;0;0;0;0;0;0.00;0.00;0.00;
2021-11-01 00:00:00;702020;google_ads;7;7;0;0;0;0;0;0.00;0.00;0.00;
2021-10-01 00:00:00;702020;google_ads;2;2;0;0;0;0;0;0.00;0.00;0.00;
2021-12-01 00:00:00;702020;google_ads;1;1;0;0;0;0;0;0.00;0.00;0.00;
2021-11-01 00:00:00;553824;google_ads;6;6;0;0;0;0;0;0.00;0.00;0.00;
2021-12-01 00:00:00;553824;google_ads;9;9;0;0;0;0;0;0.00;0.00;0.00;
2021-09-01 00:00:00;328979;web_2;8;8;0;0;0;0;0;0.00;0.00;0.00;
2021-08-01 00:00:00;328979;web_2;11;11;0;0;0;0;0;0.00;0.00;0.00;
2021-07-01 00:00:00;328979;web_2;7;7;0;0;0;0;0;0.00;0.00;0.00;
2021-10-01 00:00:00;328979;web_2;4;4;0;0;0;0;0;0.00;0.00;0.00;
2021-11-01 00:00:00;290253;web_2;4;4;0;0;0;0;0;0.00;0.00;0.00;
2021-12-01 00:00:00;290253;web_2;3;3;0;0;0;0;0;0.00;0.00;0.00;
2021-11-01 00:00:00;529507;google_ads;7;7;0;0;0;0;0;0.00;0.00;0.00;
2021-12-01 00:00:00;529507;google_ads;9;9;0;0;0;0;0;0.00;0.00;0.00;
2021-07-01 00:00:00;160663;google_ads;9;9;0;0;0;0;0;0.00;0.00;0.00;
2021-06-01 00:00:00;160663;google_ads;10;10;0;0;0;0;0;0.00;0.00;0.00;
2021-05-01 00:00:00;160663;google_ads;7;7;0;0;0;0;0;0.00;0.00;0.00;
2021-08-01 00:00:00;160663;google_ads;2;2;0;0;0;0;0;0.00;0.00;0.00;
2021-12-01 00:00:00;336011;web_2;14;8;1;5;4;4;1;196.90;1.00;787.61;0.00
2021-09-01 00:00:00;324902;web_2;4;4;0;0;0;0;0;0.00;0.00;0.00;
2021-11-01 00:00:00;324902;web_2;9;9;0;0;0;0;0;0.00;0.00;0.00;
2021-10-01 00:00:00;324902;web_2;6;6;0;0;0;0;0;0.00;0.00;0.00;
2021-12-01 00:00:00;324902;web_2;6;6;0;0;0;0;0;0.00;0.00;0.00;
2021-08-01 00:00:00;955581;google_ads;9;5;1;3;1;8;2;588.82;2.00;4710.54;0.00
2021-10-01 00:00:00;955581;google_ads;9;9;0;0;0;0;0;0.00;0.00;0.00;
2021-09-01 00:00:00;955581;google_ads;15;9;0;6;4;8;2;280.21;1.00;2241.69;0.48
2021-11-01 00:00:00;955581;google_ads;1;1;0;0;0;0;0;0.00;0.00;0.00;
2021-12-01 00:00:00;330295;web_2;9;9;0;0;0;0;0;0.00;0.00;0.00;
2021-10-01 00:00:00;520526;web_1;3;3;0;0;0;0;0;0.00;0.00;0.00;
2021-08-01 00:00:00;379535;google_ads;6;6;0;0;0;0;0;0.00;0.00;0.00;
2021-07-01 00:00:00;379535;google_ads;2;2;0;0;0;0;0;0.00;0.00;0.00;
2021-02-01 00:00:00;985971;web_1;8;4;1;3;3;4;1;311.19;1.00;1244.76;0.00
2021-01-01 00:00:00;985971;web_1;1;1;0;0;0;0;0;0.00;0.00;0.00;
2021-03-01 00:00:00;910843;web_1;2;2;0;0;0;0;0;0.00;0.00;0.00;
2021-06-01 00:00:00;910843;web_1;8;8;0;0;0;0;0;0.00;0.00;0.00;
2021-05-01 00:00:00;910843;web_1;9;9;0;0;0;0;0;0.00;0.00;0.00;
2021-04-01 00:00:00;910843;web_1;5;5;0;0;0;0;0;0.00;0.00;0.00;
2021-07-01 00:00:00;910843;web_1;1;1;0;0;0;0;0;0.00;0.00;0.00;
2021-08-01 00:00:00;189902;google_ads;9;4;0;5;3;16;4;505.09;4.00;8081.38;0.00
2021-07-01 00:00:00;189902;google_ads;12;8;1;3;3;4;1;139.99;1.00;559.96;0.00
2021-10-01 00:00:00;970015;web_1;13;13;0;0;0;0;0;0.00;0.00;0.00;
2021-09-01 00:00:00;970015;web_1;3;3;0;0;0;0;0;0.00;0.00;0.00;
2021-12-01 00:00:00;970015;web_1;5;5;0;0;0;0;0;0.00;0.00;0.00;
2021-11-01 00:00:00;970015;web_1;8;8;0;0;0;0;0;0.00;0.00;0.00;
2021-12-01 00:00:00;695618;web_2;11;7;1;3;2;8;2;368.26;2.00;2946.04;0.00
2021-06-01 00:00:00;724167;web_2;10;8;1;1;1;0;0;0.00;0.00;0.00;
2021-08-01 00:00:00;724167;web_2;8;8;0;0;0;0;0;0.00;0.00;0.00;
2021-07-01 00:00:00;724167;web_2;10;10;0;0;0;0;0;0.00;0.00;0.00;
2021-09-01 00:00:00;724167;web_2;3;3;0;0;0;0;0;0.00;0.00;0.00;
2021-03-01 00:00:00;609965;web_2;8;8;0;0;0;0;0;0.00;0.00;0.00;
2021-02-01 00:00:00;609965;web_2;4;4;0;0;0;0;0;0.00;0.00;0.00;
2021-05-01 00:00:00;609965;web_2;1;1;0;0;0;0;0;0.00;0.00;0.00;
2021-04-01 00:00:00;609965;web_2;8;8;0;0;0;0;0;0.00;0.00;0.00;
2021-09-01 00:00:00;434079;web_3;11;10;0;1;0;4;1;0.00;0.00;0.00;
2021-08-01 00:00:00;434079;web_3;9;4;1;4;3;8;2;313.68;1.00;2509.47;1.09
2021-11-01 00:00:00;434079;web_3;7;7;0;0;0;0;0;0.00;0.00;0.00;
2021-10-01 00:00:00;434079;web_3;10;10;0;0;0;0;0;0.00;0.00;0.00;
2021-06-01 00:00:00;649690;web_3;7;7;0;0;0;0;0;0.00;0.00;0.00;
2021-05-01 00:00:00;649690;web_3;12;10;0;2;2;4;1;59.09;1.00;236.35;0.00
2021-04-01 00:00:00;649690;web_3;10;6;1;3;3;0;0;0.00;0.00;0.00;
2021-07-01 00:00:00;649690;web_3;5;5;0;0;0;0;0;0.00;0.00;0.00;
2021-05-01 00:00:00;638073;web_3;11;7;1;3;1;0;0;0.00;0.00;0.00;
2021-05-01 00:00:00;981868;google_ads;7;6;0;1;1;0;0;0.00;0.00;0.00;
2021-04-01 00:00:00;981868;google_ads;3;2;1;0;0;0;0;0.00;0.00;0.00;
2021-11-01 00:00:00;246364;web_2;9;9;0;0;0;0;0;0.00;0.00;0.00;
2021-10-01 00:00:00;246364;web_2;7;7;0;0;0;0;0;0.00;0.00;0.00;
2021-12-01 00:00:00;246364;web_2;9;9;0;0;0;0;0;0.00;0.00;0.00;
2021-03-01 00:00:00;697065;google_ads;2;2;0;0;0;0;0;0.00;0.00;0.00;
2021-02-01 00:00:00;697065;google_ads;10;10;0;0;0;0;0;0.00;0.00;0.00;
2021-01-01 00:00:00;697065;google_ads;8;8;0;0;0;0;0;0.00;0.00;0.00;
2021-11-01 00:00:00;793220;web_1;4;4;0;0;0;0;0;0.00;0.00;0.00;
2021-12-01 00:00:00;793220;web_1;9;9;0;0;0;0;0;0.00;0.00;0.00;
2021-10-01 00:00:00;482360;google_ads;4;4;0;0;0;0;0;0.00;0.00;0.00;
2021-06-01 00:00:00;852166;web_1;12;7;1;4;4;0;0;0.00;0.00;0.00;
2021-08-01 00:00:00;852166;web_1;4;4;0;0;0;0;0;0.00;0.00;0.00;
2021-07-01 00:00:00;852166;web_1;13;9;0;4;2;8;2;217.82;2.00;1742.52;0.00
2021-03-01 00:00:00;894626;web_3;7;7;0;0;0;0;0;0.00;0.00;0.00;
2021-06-01 00:00:00;894626;web_3;5;5;0;0;0;0;0;0.00;0.00;0.00;
2021-05-01 00:00:00;894626;web_3;8;8;0;0;0;0;0;0.00;0.00;0.00;
2021-04-01 00:00:00;894626;web_3;11;11;0;0;0;0;0;0.00;0.00;0.00;
2021-11-01 00:00:00;400445;google_ads;10;6;1;3;1;0;0;0.00;0.00;0.00;
2021-12-01 00:00:00;400445;google_ads;12;9;0;3;2;8;2;440.08;2.00;3520.66;0.00
2021-06-01 00:00:00;643388;web_3;8;8;0;0;0;0;0;0.00;0.00;0.00;
2021-05-01 00:00:00;643388;web_3;10;10;0;0;0;0;0;0.00;0.00;0.00;
2021-04-01 00:00:00;643388;web_3;6;6;0;0;0;0;0;0.00;0.00;0.00;
2021-07-01 00:00:00;643388;web_3;4;4;0;0;0;0;0;0.00;0.00;0.00;
2021-09-01 00:00:00;104924;web_1;9;7;1;1;0;0;0;0.00;0.00;0.00;
2021-08-01 00:00:00;104924;web_1;1;1;0;0;0;0;0;0.00;0.00;0.00;
2021-10-01 00:00:00;104924;web_1;2;2;0;0;0;0;0;0.00;0.00;0.00;
2021-12-01 00:00:00;774499;web_1;10;7;1;2;1;4;1;475.01;1.00;1900.02;0.00
2021-02-01 00:00:00;324466;web_2;2;2;0;0;0;0;0;0.00;0.00;0.00;
2021-01-01 00:00:00;324466;web_2;2;2;0;0;0;0;0;0.00;0.00;0.00;
2021-06-01 00:00:00;457512;web_2;7;7;0;0;0;0;0;0.00;0.00;0.00;
2021-12-01 00:00:00;762205;google_ads;14;8;1;5;3;4;1;0.00;0.00;0.00;
2021-02-01 00:00:00;820634;web_1;2;2;0;0;0;0;0;0.00;0.00;0.00;
2021-06-01 00:00:00;787725;web_2;5;5;0;0;0;0;0;0.00;0.00;0.00;
2021-08-01 00:00:00;787725;web_2;8;8;0;0;0;0;0;0.00;0.00;0.00;
2021-07-01 00:00:00;787725;web_2;8;8;0;0;0;0;0;0.00;0.00;0.00;
2021-10-01 00:00:00;787725;web_2;2;2;0;0;0;0;0;0.00;0.00;0.00;
2021-09-01 00:00:00;787725;web_2;7;7;0;0;0;0;0;0.00;0.00;0.00;
2021-09-01 00:00:00;551947;web_2;4;4;0;0;0;0;0;0.00;0.00;0.00;
2021-08-01 00:00:00;551947;web_2;9;9;0;0;0;0;0;0.00;0.00;0.00;
2021-07-01 00:00:00;551947;web_2;4;4;0;0;0;0;0;0.00;0.00;0.00;
2021-03-01 00:00:00;994521;google_ads;12;12;0;0;0;0;0;0.00;0.00;0.00;
2021-02-01 00:00:00;994521;google_ads;8;8;0;0;0;0;0;0.00;0.00;0.00;
2021-01-01 00:00:00;994521;google_ads;7;7;0;0;0;0;0;0.00;0.00;0.00;
2021-04-01 00:00:00;994521;google_ads;3;3;0;0;0;0;0;0.00;0.00;0.00;
2021-12-01 00:00:00;607796;web_1;12;7;1;4;1;0;0;0.00;0.00;0.00;
2021-10-01 00:00:00;967027;web_3;8;8;0;0;0;0;0;0.00;0.00;0.00;
2021-12-01 00:00:00;967027;web_3;4;4;0;0;0;0;0;0.00;0.00;0.00;
2021-11-01 00:00:00;967027;web_3;9;9;0;0;0;0;0;0.00;0.00;0.00;
2021-06-01 00:00:00;427407;web_2;8;8;0;0;0;0;0;0.00;0.00;0.00;
2021-05-01 00:00:00;427407;web_2;11;6;1;4;3;4;1;343.68;1.00;1374.73;0.00
2021-08-01 00:00:00;427407;web_2;4;4;0;0;0;0;0;0.00;0.00;0.00;
2021-07-01 00:00:00;427407;web_2;10;10;0;0;0;0;0;0.00;0.00;0.00;
2021-09-01 00:00:00;631440;google_ads;9;9;0;0;0;0;0;0.00;0.00;0.00;
2021-08-01 00:00:00;631440;google_ads;2;2;0;0;0;0;0;0.00;0.00;0.00;
2021-10-01 00:00:00;631440;google_ads;4;4;0;0;0;0;0;0.00;0.00;0.00;
2021-08-01 00:00:00;749156;google_ads;2;2;0;0;0;0;0;0.00;0.00;0.00;
2021-09-01 00:00:00;749156;google_ads;9;9;0;0;0;0;0;0.00;0.00;0.00;
2021-06-01 00:00:00;253820;web_2;11;9;1;1;0;0;0;0.00;0.00;0.00;
2021-08-01 00:00:00;253820;web_2;7;7;0;0;0;0;0;0.00;0.00;0.00;
2021-07-01 00:00:00;253820;web_2;11;11;0;0;0;0;0;0.00;0.00;0.00;
2021-10-01 00:00:00;951868;google_ads;12;8;0;4;3;0;0;0.00;0.00;0.00;
2021-09-01 00:00:00;951868;google_ads;4;3;1;0;0;0;0;0.00;0.00;0.00;
2021-12-01 00:00:00;951868;google_ads;8;8;0;0;0;0;0;0.00;0.00;0.00;
2021-11-01 00:00:00;951868;google_ads;9;9;0;0;0;0;0;0.00;0.00;0.00;
2021-06-01 00:00:00;199942;google_ads;10;9;0;1;0;4;1;297.35;1.00;1189.40;0.00
2021-05-01 00:00:00;199942;google_ads;10;5;1;4;3;4;1;465.81;1.00;1863.23;0.00
2021-07-01 00:00:00;199942;google_ads;2;2;0;0;0;0;0;0.00;0.00;0.00;
2021-11-01 00:00:00;740356;web_1;10;10;0;0;0;0;0;0.00;0.00;0.00;
2021-10-01 00:00:00;740356;web_1;5;5;0;0;0;0;0;0.00;0.00;0.00;
2021-12-01 00:00:00;740356;web_1;2;2;0;0;0;0;0;0.00;0.00;0.00;
2021-06-01 00:00:00;767717;web_1;8;7;0;1;1;4;1;132.25;1.00;528.98;0.00
2021-05-01 00:00:00;767717;web_1;4;2;1;1;1;4;1;255.99;1.00;1023.94;0.00
2021-08-01 00:00:00;767717;web_1;1;1;0;0;0;0;0;0.00;0.00;0.00;
2021-07-01 00:00:00;767717;web_1;9;9;0;0;0;0;0;0.00;0.00;0.00;
2021-06-01 00:00:00;352444;web_1;6;6;0;0;0;0;0;0.00;0.00;0.00;
2021-07-01 00:00:00;352444;web_1;1;1;0;0;0;0;0;0.00;0.00;0.00;
2021-04-01 00:00:00;240126;web_3;4;4;0;0;0;0;0;0.00;0.00;0.00;
2021-03-01 00:00:00;240126;web_3;4;4;0;0;0;0;0;0.00;0.00;0.00;
2021-05-01 00:00:00;800876;web_1;8;4;0;4;4;0;0;0.00;0.00;0.00;
2021-04-01 00:00:00;800876;web_1;7;5;1;1;1;0;0;0.00;0.00;0.00;
2021-03-01 00:00:00;929329;web_2;6;6;0;0;0;0;0;0.00;0.00;0.00;
2021-02-01 00:00:00;929329;web_2;6;4;1;1;1;4;1;459.81;1.00;1839.25;0.00
2021-05-01 00:00:00;929329;web_2;1;1;0;0;0;0;0;0.00;0.00;0.00;
2021-04-01 00:00:00;929329;web_2;8;8;0;0;0;0;0;0.00;0.00;0.00;
2021-06-01 00:00:00;764352;google_ads;8;8;0;0;0;0;0;0.00;0.00;0.00;
2021-05-01 00:00:00;764352;google_ads;20;11;0;9;6;20;5;204.39;4.00;4087.87;0.60
2021-04-01 00:00:00;764352;google_ads;4;2;1;1;1;0;0;0.00;0.00;0.00;
2021-07-01 00:00:00;764352;google_ads;6;6;0;0;0;0;0;0.00;0.00;0.00;
2021-11-01 00:00:00;404138;web_2;4;4;0;0;0;0;0;0.00;0.00;0.00;
2021-10-01 00:00:00;404138;web_2;8;8;0;0;0;0;0;0.00;0.00;0.00;
2021-06-01 00:00:00;129298;web_3;3;3;0;0;0;0;0;0.00;0.00;0.00;
2021-05-01 00:00:00;129298;web_3;13;9;1;3;2;4;1;0.00;0.00;0.00;
2021-08-01 00:00:00;983648;web_2;8;8;0;0;0;0;0;0.00;0.00;0.00;
2021-07-01 00:00:00;983648;web_2;9;7;1;1;1;0;0;0.00;0.00;0.00;
2021-10-01 00:00:00;983648;web_2;7;7;0;0;0;0;0;0.00;0.00;0.00;
2021-09-01 00:00:00;983648;web_2;7;7;0;0;0;0;0;0.00;0.00;0.00;
2021-04-01 00:00:00;474378;google_ads;9;9;0;0;0;0;0;0.00;0.00;0.00;
2021-06-01 00:00:00;474378;google_ads;7;7;0;0;0;0;0;0.00;0.00;0.00;
2021-05-01 00:00:00;474378;google_ads;9;9;0;0;0;0;0;0.00;0.00;0.00;
2021-06-01 00:00:00;264390;google_ads;6;6;0;0;0;0;0;0.00;0.00;0.00;
2021-05-01 00:00:00;264390;google_ads;4;4;0;0;0;0;0;0.00;0.00;0.00;
2021-09-01 00:00:00;118555;google_ads;8;8;0;0;0;0;0;0.00;0.00;0.00;
2021-08-01 00:00:00;118555;google_ads;2;2;0;0;0;0;0;0.00;0.00;0.00;
2021-10-01 00:00:00;118555;google_ads;9;9;0;0;0;0;0;0.00;0.00;0.00;
2021-11-01 00:00:00;691925;google_ads;6;4;1;1;1;0;0;0.00;0.00;0.00;
2021-12-01 00:00:00;691925;google_ads;9;7;0;2;2;4;1;0.00;0.00;0.00;
2021-11-01 00:00:00;593115;google_ads;11;7;0;4;2;4;1;196.06;1.00;784.23;0.00
2021-10-01 00:00:00;593115;google_ads;6;4;1;1;0;0;0;0.00;0.00;0.00;
2021-12-01 00:00:00;593115;google_ads;9;9;0;0;0;0;0;0.00;0.00;0.00;
2021-04-01 00:00:00;522354;web_3;1;1;0;0;0;0;0;0.00;0.00;0.00;
2021-03-01 00:00:00;522354;web_3;7;7;0;0;0;0;0;0.00;0.00;0.00;
2021-02-01 00:00:00;522354;web_3;14;8;0;6;5;0;0;0.00;0.00;0.00;
2021-01-01 00:00:00;522354;web_3;12;7;1;4;3;12;3;157.75;2.00;1892.95;0.26
2021-09-01 00:00:00;392929;google_ads;1;1;0;0;0;0;0;0.00;0.00;0.00;
2021-11-01 00:00:00;392929;google_ads;1;1;0;0;0;0;0;0.00;0.00;0.00;
2021-10-01 00:00:00;392929;google_ads;18;11;1;6;6;12;3;423.64;3.00;5083.66;0.00
2021-08-01 00:00:00;666419;google_ads;10;10;0;0;0;0;0;0.00;0.00;0.00;
2021-11-01 00:00:00;666419;google_ads;3;3;0;0;0;0;0;0.00;0.00;0.00;
2021-10-01 00:00:00;666419;google_ads;9;9;0;0;0;0;0;0.00;0.00;0.00;
2021-09-01 00:00:00;666419;google_ads;9;9;0;0;0;0;0;0.00;0.00;0.00;
2021-07-01 00:00:00;132547;web_3;1;1;0;0;0;0;0;0.00;0.00;0.00;
2021-06-01 00:00:00;132547;web_3;10;10;0;0;0;0;0;0.00;0.00;0.00;
2021-05-01 00:00:00;132547;web_3;11;5;1;5;2;4;1;0.00;0.00;0.00;
2021-06-01 00:00:00;837774;web_1;9;9;0;0;0;0;0;0.00;0.00;0.00;
2021-05-01 00:00:00;837774;web_1;12;6;1;5;3;0;0;0.00;0.00;0.00;
2021-08-01 00:00:00;837774;web_1;5;5;0;0;0;0;0;0.00;0.00;0.00;
2021-07-01 00:00:00;837774;web_1;8;8;0;0;0;0;0;0.00;0.00;0.00;
2021-03-01 00:00:00;609889;web_2;6;6;0;0;0;0;0;0.00;0.00;0.00;
2021-02-01 00:00:00;609889;web_2;8;8;0;0;0;0;0;0.00;0.00;0.00;
2021-01-01 00:00:00;609889;web_2;5;5;0;0;0;0;0;0.00;0.00;0.00;
2021-02-01 00:00:00;428261;web_3;10;5;0;5;4;4;1;467.45;1.00;1869.78;0.00
2021-01-01 00:00:00;428261;web_3;4;3;1;0;0;0;0;0.00;0.00;0.00;
2021-12-01 00:00:00;369610;web_3;10;7;1;2;2;8;2;673.31;2.00;5386.51;0.00
2021-09-01 00:00:00;347184;google_ads;3;0;0;3;1;4;1;422.87;1.00;1691.49;0.00
2021-08-01 00:00:00;347184;google_ads;17;10;0;7;6;4;1;0.00;0.00;0.00;
2021-07-01 00:00:00;347184;google_ads;3;2;1;0;0;0;0;0.00;0.00;0.00;
2021-11-01 00:00:00;785566;web_2;10;10;0;0;0;0;0;0.00;0.00;0.00;
2021-06-01 00:00:00;828527;web_2;1;1;0;0;0;0;0;0.00;0.00;0.00;
2021-08-01 00:00:00;828527;web_2;8;8;0;0;0;0;0;0.00;0.00;0.00;
2021-07-01 00:00:00;828527;web_2;15;7;1;7;3;4;1;712.39;1.00;2849.57;0.00
2021-10-01 00:00:00;828527;web_2;9;9;0;0;0;0;0;0.00;0.00;0.00;
2021-09-01 00:00:00;828527;web_2;6;6;0;0;0;0;0;0.00;0.00;0.00;
2021-04-01 00:00:00;511456;web_1;8;8;0;0;0;0;0;0.00;0.00;0.00;
2021-06-01 00:00:00;511456;web_1;6;6;0;0;0;0;0;0.00;0.00;0.00;
2021-05-01 00:00:00;511456;web_1;6;6;0;0;0;0;0;0.00;0.00;0.00;
2021-07-01 00:00:00;511456;web_1;1;1;0;0;0;0;0;0.00;0.00;0.00;
2021-11-01 00:00:00;797323;google_ads;5;5;0;0;0;0;0;0.00;0.00;0.00;
2021-04-01 00:00:00;207872;web_2;5;5;0;0;0;0;0;0.00;0.00;0.00;
2021-03-01 00:00:00;207872;web_2;6;6;0;0;0;0;0;0.00;0.00;0.00;
2021-04-01 00:00:00;259582;web_3;7;7;0;0;0;0;0;0.00;0.00;0.00;
2021-03-01 00:00:00;259582;web_3;8;8;0;0;0;0;0;0.00;0.00;0.00;
2021-06-01 00:00:00;259582;web_3;3;3;0;0;0;0;0;0.00;0.00;0.00;
2021-05-01 00:00:00;259582;web_3;12;12;0;0;0;0;0;0.00;0.00;0.00;
2021-02-01 00:00:00;311479;web_2;4;4;0;0;0;0;0;0.00;0.00;0.00;
2021-01-01 00:00:00;311479;web_2;12;8;1;3;2;4;1;247.92;1.00;991.68;0.00
2021-08-01 00:00:00;177723;google_ads;5;5;0;0;0;0;0;0.00;0.00;0.00;
2021-07-01 00:00:00;177723;google_ads;2;2;0;0;0;0;0;0.00;0.00;0.00;
2021-11-01 00:00:00;421348;web_3;8;8;0;0;0;0;0;0.00;0.00;0.00;
2021-10-01 00:00:00;421348;web_3;10;10;0;0;0;0;0;0.00;0.00;0.00;
2021-12-01 00:00:00;421348;web_3;10;10;0;0;0;0;0;0.00;0.00;0.00;
2021-03-01 00:00:00;183001;web_3;2;2;0;0;0;0;0;0.00;0.00;0.00;
2021-02-01 00:00:00;183001;web_3;13;13;0;0;0;0;0;0.00;0.00;0.00;
2021-01-01 00:00:00;183001;web_3;8;8;0;0;0;0;0;0.00;0.00;0.00;
2021-12-01 00:00:00;195508;web_3;2;2;0;0;0;0;0;0.00;0.00;0.00;
2021-03-01 00:00:00;874144;web_1;1;1;0;0;0;0;0;0.00;0.00;0.00;
2021-05-01 00:00:00;874144;web_1;1;1;0;0;0;0;0;0.00;0.00;0.00;
2021-04-01 00:00:00;874144;web_1;7;7;0;0;0;0;0;0.00;0.00;0.00;
2021-03-01 00:00:00;815776;web_3;8;8;0;0;0;0;0;0.00;0.00;0.00;
2021-02-01 00:00:00;815776;web_3;3;3;0;0;0;0;0;0.00;0.00;0.00;
2021-05-01 00:00:00;815776;web_3;3;3;0;0;0;0;0;0.00;0.00;0.00;
2021-04-01 00:00:00;815776;web_3;9;9;0;0;0;0;0;0.00;0.00;0.00;
2021-01-01 00:00:00;220214;web_1;12;8;1;3;2;4;1;497.61;1.00;1990.43;0.00
2021-11-01 00:00:00;539879;web_2;1;1;0;0;0;0;0;0.00;0.00;0.00;
2021-12-01 00:00:00;539879;web_2;4;4;0;0;0;0;0;0.00;0.00;0.00;
2021-09-01 00:00:00;661642;google_ads;4;4;0;0;0;0;0;0.00;0.00;0.00;
2021-03-01 00:00:00;719967;google_ads;5;5;0;0;0;0;0;0.00;0.00;0.00;
2021-02-01 00:00:00;719967;google_ads;11;7;0;4;4;12;3;134.99;3.00;1619.85;0.00
2021-01-01 00:00:00;719967;google_ads;11;7;1;3;3;4;1;0.00;0.00;0.00;
2021-04-01 00:00:00;719967;google_ads;7;7;0;0;0;0;0;0.00;0.00;0.00;
2021-12-01 00:00:00;940248;web_3;1;1;0;0;0;0;0;0.00;0.00;0.00;
2021-04-01 00:00:00;451033;web_2;2;2;0;0;0;0;0;0.00;0.00;0.00;
2021-06-01 00:00:00;451033;web_2;1;1;0;0;0;0;0;0.00;0.00;0.00;
2021-05-01 00:00:00;451033;web_2;7;7;0;0;0;0;0;0.00;0.00;0.00;
2021-06-01 00:00:00;768506;google_ads;7;7;0;0;0;0;0;0.00;0.00;0.00;
2021-08-01 00:00:00;768506;google_ads;6;6;0;0;0;0;0;0.00;0.00;0.00;
2021-07-01 00:00:00;768506;google_ads;9;9;0;0;0;0;0;0.00;0.00;0.00;
2021-09-01 00:00:00;768506;google_ads;6;6;0;0;0;0;0;0.00;0.00;0.00;
2021-06-01 00:00:00;855837;web_1;2;1;1;0;0;0;0;0.00;0.00;0.00;
2021-08-01 00:00:00;855837;web_1;10;10;0;0;0;0;0;0.00;0.00;0.00;
2021-07-01 00:00:00;855837;web_1;18;10;0;8;6;16;4;444.58;4.00;7113.27;0.00
2021-09-01 00:00:00;855837;web_1;8;8;0;0;0;0;0;0.00;0.00;0.00;
2021-11-01 00:00:00;197676;web_3;2;2;0;0;0;0;0;0.00;0.00;0.00;
2021-03-01 00:00:00;222807;google_ads;4;2;0;2;1;4;1;0.00;0.00;0.00;
2021-02-01 00:00:00;222807;google_ads;16;8;0;8;5;4;1;675.90;1.00;2703.61;0.00
2021-01-01 00:00:00;222807;google_ads;2;1;1;0;0;0;0;0.00;0.00;0.00;
2021-03-01 00:00:00;382643;web_3;6;1;1;4;1;4;1;272.86;1.00;1091.44;0.00
2021-02-01 00:00:00;382643;web_3;1;1;0;0;0;0;0;0.00;0.00;0.00;
2021-12-01 00:00:00;184628;web_1;8;8;0;0;0;0;0;0.00;0.00;0.00;
2021-06-01 00:00:00;485368;web_3;15;7;1;7;5;12;3;271.95;3.00;3263.39;0.00
2021-08-01 00:00:00;485368;web_3;4;4;0;0;0;0;0;0.00;0.00;0.00;
2021-07-01 00:00:00;485368;web_3;12;9;0;3;2;8;2;396.44;2.00;3171.50;0.00
2021-08-01 00:00:00;500941;web_3;5;5;0;0;0;0;0;0.00;0.00;0.00;
2021-07-01 00:00:00;500941;web_3;8;8;0;0;0;0;0;0.00;0.00;0.00;
2021-04-01 00:00:00;425716;web_3;2;2;0;0;0;0;0;0.00;0.00;0.00;
2021-02-01 00:00:00;933922;google_ads;7;7;0;0;0;0;0;0.00;0.00;0.00;
2021-01-01 00:00:00;933922;google_ads;4;4;0;0;0;0;0;0.00;0.00;0.00;
2021-04-01 00:00:00;399420;google_ads;6;1;1;4;1;4;1;444.61;1.00;1778.42;0.00
2021-03-01 00:00:00;399420;google_ads;1;1;0;0;0;0;0;0.00;0.00;0.00;
2021-08-01 00:00:00;997713;web_1;8;8;0;0;0;0;0;0.00;0.00;0.00;
2021-07-01 00:00:00;997713;web_1;6;4;1;1;1;0;0;0.00;0.00;0.00;
2021-10-01 00:00:00;997713;web_1;2;2;0;0;0;0;0;0.00;0.00;0.00;
2021-09-01 00:00:00;997713;web_1;9;9;0;0;0;0;0;0.00;0.00;0.00;
2021-10-01 00:00:00;785125;web_3;5;5;0;0;0;0;0;0.00;0.00;0.00;
2021-09-01 00:00:00;785125;web_3;5;5;0;0;0;0;0;0.00;0.00;0.00;
2021-11-01 00:00:00;480905;web_2;17;8;1;8;4;8;2;400.39;2.00;3203.12;0.00
2021-10-01 00:00:00;480905;web_2;1;1;0;0;0;0;0;0.00;0.00;0.00;
2021-12-01 00:00:00;480905;web_2;2;2;0;0;0;0;0;0.00;0.00;0.00;
2021-01-01 00:00:00;719746;web_3;3;3;0;0;0;0;0;0.00;0.00;0.00;
2021-11-01 00:00:00;712702;web_1;5;0;0;5;0;8;2;401.97;2.00;3215.75;0.00
2021-10-01 00:00:00;712702;web_1;8;2;1;5;1;4;1;0.00;0.00;0.00;
2021-09-01 00:00:00;610936;web_3;13;5;1;7;4;12;3;579.54;3.00;6954.48;0.00
2021-10-01 00:00:00;610936;web_3;9;6;0;3;2;4;1;129.53;1.00;518.12;0.00
2021-03-01 00:00:00;600038;web_3;13;10;1;2;2;0;0;0.00;0.00;0.00;
2021-04-01 00:00:00;600038;web_3;5;5;0;0;0;0;0;0.00;0.00;0.00;
2021-11-01 00:00:00;712901;web_3;3;3;0;0;0;0;0;0.00;0.00;0.00;
2021-12-01 00:00:00;712901;web_3;11;7;1;3;3;4;1;0.00;0.00;0.00;
2021-04-01 00:00:00;263107;web_3;8;8;0;0;0;0;0;0.00;0.00;0.00;
2021-03-01 00:00:00;263107;web_3;7;7;0;0;0;0;0;0.00;0.00;0.00;
2021-02-01 00:00:00;263107;web_3;5;3;1;1;0;4;1;0.00;0.00;0.00;
2021-05-01 00:00:00;263107;web_3;3;3;0;0;0;0;0;0.00;0.00;0.00;
2021-12-01 00:00:00;916524;web_2;13;6;0;7;3;4;1;0.00;0.00;0.00;
2021-11-01 00:00:00;916524;web_2;7;5;1;1;1;0;0;0.00;0.00;0.00;
2021-11-01 00:00:00;619050;web_1;7;7;0;0;0;0;0;0.00;0.00;0.00;
2021-12-01 00:00:00;619050;web_1;2;2;0;0;0;0;0;0.00;0.00;0.00;
2021-06-01 00:00:00;893806;web_3;6;6;0;0;0;0;0;0.00;0.00;0.00;
2021-05-01 00:00:00;893806;web_3;17;11;1;5;2;8;2;531.79;2.00;4254.34;0.00
2021-04-01 00:00:00;893806;web_3;2;2;0;0;0;0;0;0.00;0.00;0.00;
2021-07-01 00:00:00;128144;google_ads;5;3;1;1;0;0;0;0.00;0.00;0.00;
2021-09-01 00:00:00;128144;google_ads;2;0;0;2;0;0;0;0.00;0.00;0.00;
2021-08-01 00:00:00;128144;google_ads;7;0;0;7;1;12;3;395.02;3.00;4740.19;0.00
2021-09-01 00:00:00;579369;google_ads;14;7;0;7;5;12;3;144.53;1.00;1734.40;1.55
2021-08-01 00:00:00;579369;google_ads;2;1;1;0;0;0;0;0.00;0.00;0.00;
2021-11-01 00:00:00;579369;google_ads;2;2;0;0;0;0;0;0.00;0.00;0.00;
2021-10-01 00:00:00;579369;google_ads;13;10;0;3;3;8;2;461.40;2.00;3691.17;0.00
2021-03-01 00:00:00;475408;web_1;5;5;0;0;0;0;0;0.00;0.00;0.00;
2021-01-01 00:00:00;261411;web_3;9;9;0;0;0;0;0;0.00;0.00;0.00;
2021-06-01 00:00:00;649951;google_ads;8;8;0;0;0;0;0;0.00;0.00;0.00;
2021-05-01 00:00:00;649951;google_ads;5;3;1;1;0;0;0;0.00;0.00;0.00;
2021-08-01 00:00:00;649951;google_ads;5;5;0;0;0;0;0;0.00;0.00;0.00;
2021-07-01 00:00:00;649951;google_ads;10;10;0;0;0;0;0;0.00;0.00;0.00;
2021-06-01 00:00:00;486602;web_1;5;3;1;1;0;0;0;0.00;0.00;0.00;
2021-08-01 00:00:00;486602;web_1;8;8;0;0;0;0;0;0.00;0.00;0.00;
2021-07-01 00:00:00;486602;web_1;14;10;0;4;2;0;0;0.00;0.00;0.00;
2021-08-01 00:00:00;853245;google_ads;13;13;0;0;0;0;0;0.00;0.00;0.00;
2021-07-01 00:00:00;853245;google_ads;5;3;1;1;0;0;0;0.00;0.00;0.00;
2021-09-01 00:00:00;853245;google_ads;2;2;0;0;0;0;0;0.00;0.00;0.00;
2021-04-01 00:00:00;424388;google_ads;1;1;0;0;0;0;0;0.00;0.00;0.00;
2021-06-01 00:00:00;424388;google_ads;13;9;0;4;3;4;1;272.63;1.00;1090.52;0.00
2021-05-01 00:00:00;424388;google_ads;19;12;1;6;4;8;2;127.96;2.00;1023.66;0.00
2021-07-01 00:00:00;424388;google_ads;4;4;0;0;0;0;0;0.00;0.00;0.00;
2021-03-01 00:00:00;950427;web_3;4;4;0;0;0;0;0;0.00;0.00;0.00;
2021-02-01 00:00:00;950427;web_3;11;10;0;1;0;0;0;0.00;0.00;0.00;
2021-01-01 00:00:00;950427;web_3;15;8;1;6;5;4;1;329.48;1.00;1317.92;0.00
2021-05-01 00:00:00;707794;web_3;3;3;0;0;0;0;0;0.00;0.00;0.00;
2021-04-01 00:00:00;382596;web_1;7;7;0;0;0;0;0;0.00;0.00;0.00;
2021-03-01 00:00:00;382596;web_1;7;7;0;0;0;0;0;0.00;0.00;0.00;
2021-02-01 00:00:00;382596;web_1;9;7;1;1;1;4;1;559.74;1.00;2238.95;0.00
2021-01-01 00:00:00;382596;web_1;1;1;0;0;0;0;0;0.00;0.00;0.00;
2021-06-01 00:00:00;632642;web_2;8;7;0;1;1;0;0;0.00;0.00;0.00;
2021-05-01 00:00:00;632642;web_2;16;8;1;7;5;12;3;290.37;2.00;3484.44;0.72
2021-07-01 00:00:00;632642;web_2;5;5;0;0;0;0;0;0.00;0.00;0.00;
2021-08-01 00:00:00;756861;web_3;13;8;1;4;4;4;1;0.00;0.00;0.00;
2021-09-01 00:00:00;756861;web_3;10;6;0;4;1;0;0;0.00;0.00;0.00;
2021-11-01 00:00:00;422831;web_3;1;1;0;0;0;0;0;0.00;0.00;0.00;
2021-10-01 00:00:00;422831;web_3;6;6;0;0;0;0;0;0.00;0.00;0.00;
2021-11-01 00:00:00;130781;web_2;1;1;0;0;0;0;0;0.00;0.00;0.00;
2021-12-01 00:00:00;130781;web_2;18;10;1;7;6;12;3;407.49;3.00;4889.88;0.00
2021-03-01 00:00:00;906165;web_3;4;4;0;0;0;0;0;0.00;0.00;0.00;
2021-02-01 00:00:00;906165;web_3;11;9;0;2;2;0;0;0.00;0.00;0.00;
2021-01-01 00:00:00;906165;web_3;9;4;1;4;1;12;3;305.52;2.00;3666.29;0.31
2021-04-01 00:00:00;125200;web_2;16;9;1;6;4;16;4;286.58;3.00;4585.28;0.47
2021-07-01 00:00:00;125200;web_2;7;7;0;0;0;0;0;0.00;0.00;0.00;
2021-06-01 00:00:00;125200;web_2;6;6;0;0;0;0;0;0.00;0.00;0.00;
2021-05-01 00:00:00;125200;web_2;7;6;0;1;1;0;0;0.00;0.00;0.00;
2021-08-01 00:00:00;781244;web_2;7;7;0;0;0;0;0;0.00;0.00;0.00;
2021-07-01 00:00:00;781244;web_2;5;3;1;1;1;4;1;81.45;1.00;325.78;0.00
2021-10-01 00:00:00;781244;web_2;6;6;0;0;0;0;0;0.00;0.00;0.00;
2021-09-01 00:00:00;781244;web_2;7;7;0;0;0;0;0;0.00;0.00;0.00;
2021-09-01 00:00:00;612783;web_2;6;6;0;0;0;0;0;0.00;0.00;0.00;
2021-08-01 00:00:00;612783;web_2;11;11;0;0;0;0;0;0.00;0.00;0.00;
2021-07-01 00:00:00;612783;web_2;8;4;1;3;1;0;0;0.00;0.00;0.00;
2021-06-01 00:00:00;155633;web_2;4;0;0;4;0;4;1;667.35;1.00;2669.38;0.00
2021-05-01 00:00:00;155633;web_2;8;2;1;5;0;4;1;329.35;1.00;1317.40;0.00
2021-06-01 00:00:00;702030;web_3;1;1;0;0;0;0;0;0.00;0.00;0.00;
2021-08-01 00:00:00;702030;web_3;7;7;0;0;0;0;0;0.00;0.00;0.00;
2021-07-01 00:00:00;702030;web_3;10;10;0;0;0;0;0;0.00;0.00;0.00;
2021-09-01 00:00:00;702030;web_3;7;7;0;0;0;0;0;0.00;0.00;0.00;
2021-03-01 00:00:00;653600;web_3;4;0;0;4;0;8;2;346.29;2.00;2770.30;0.00
2021-02-01 00:00:00;653600;web_3;9;5;1;3;1;8;2;146.82;1.00;1174.58;2.51
2021-03-01 00:00:00;707729;google_ads;9;6;0;3;2;12;3;118.50;2.00;1422.02;0.85
2021-02-01 00:00:00;707729;google_ads;12;6;0;6;6;16;4;192.77;2.00;3084.29;0.95
2021-01-01 00:00:00;707729;google_ads;6;4;1;1;1;4;1;248.90;1.00;995.60;0.00
2021-04-01 00:00:00;532109;web_2;7;7;0;0;0;0;0;0.00;0.00;0.00;
2021-03-01 00:00:00;532109;web_2;9;9;0;0;0;0;0;0.00;0.00;0.00;
2021-02-01 00:00:00;532109;web_2;9;8;0;1;1;0;0;0.00;0.00;0.00;
2021-01-01 00:00:00;532109;web_2;10;6;1;3;2;4;1;271.44;1.00;1085.77;0.00
2021-11-01 00:00:00;716864;web_3;9;9;0;0;0;0;0;0.00;0.00;0.00;
2021-10-01 00:00:00;716864;web_3;11;8;1;2;1;4;1;198.44;1.00;793.76;0.00
2021-12-01 00:00:00;716864;web_3;2;2;0;0;0;0;0;0.00;0.00;0.00;
2021-04-01 00:00:00;117785;web_2;17;7;1;9;4;8;2;417.53;2.00;3340.24;0.00
2021-03-01 00:00:00;117785;web_2;2;2;0;0;0;0;0;0.00;0.00;0.00;
2021-06-01 00:00:00;117785;web_2;3;3;0;0;0;0;0;0.00;0.00;0.00;
2021-05-01 00:00:00;117785;web_2;8;8;0;0;0;0;0;0.00;0.00;0.00;
2021-06-01 00:00:00;537441;web_2;9;9;0;0;0;0;0;0.00;0.00;0.00;
2021-05-01 00:00:00;537441;web_2;13;6;0;7;4;0;0;0.00;0.00;0.00;
2021-04-01 00:00:00;537441;web_2;4;2;1;1;1;0;0;0.00;0.00;0.00;
2021-07-01 00:00:00;537441;web_2;1;1;0;0;0;0;0;0.00;0.00;0.00;
2021-09-01 00:00:00;300238;web_2;9;9;0;0;0;0;0;0.00;0.00;0.00;
2021-08-01 00:00:00;300238;web_2;8;8;0;0;0;0;0;0.00;0.00;0.00;
2021-07-01 00:00:00;300238;web_2;10;10;0;0;0;0;0;0.00;0.00;0.00;
2021-10-01 00:00:00;300238;web_2;2;2;0;0;0;0;0;0.00;0.00;0.00;
2021-11-01 00:00:00;187343;web_3;7;7;0;0;0;0;0;0.00;0.00;0.00;
2021-12-01 00:00:00;187343;web_3;7;7;0;0;0;0;0;0.00;0.00;0.00;
2021-06-01 00:00:00;993404;web_2;12;10;1;1;1;0;0;0.00;0.00;0.00;
2021-08-01 00:00:00;993404;web_2;11;11;0;0;0;0;0;0.00;0.00;0.00;
2021-07-01 00:00:00;993404;web_2;7;7;0;0;0;0;0;0.00;0.00;0.00;
2021-09-01 00:00:00;993404;web_2;3;3;0;0;0;0;0;0.00;0.00;0.00;
2021-12-01 00:00:00;173228;google_ads;9;9;0;0;0;0;0;0.00;0.00;0.00;
2021-06-01 00:00:00;424209;web_2;11;8;1;2;1;8;2;168.49;2.00;1347.91;0.00
2021-07-01 00:00:00;424209;web_2;4;4;0;0;0;0;0;0.00;0.00;0.00;
2021-03-01 00:00:00;926058;web_1;14;9;1;4;2;0;0;0.00;0.00;0.00;
2021-02-01 00:00:00;926058;web_1;1;1;0;0;0;0;0;0.00;0.00;0.00;
2021-04-01 00:00:00;926058;web_1;4;4;0;0;0;0;0;0.00;0.00;0.00;
2021-09-01 00:00:00;178176;google_ads;11;6;1;4;3;4;1;237.59;1.00;950.37;0.00
2021-11-01 00:00:00;178176;google_ads;5;5;0;0;0;0;0;0.00;0.00;0.00;
2021-10-01 00:00:00;178176;google_ads;13;11;0;2;2;4;1;686.45;1.00;2745.79;0.00
2021-12-01 00:00:00;400566;web_3;14;7;1;6;4;12;3;491.57;3.00;5898.85;0.00
2021-12-01 00:00:00;869909;web_2;5;5;0;0;0;0;0;0.00;0.00;0.00;
2021-12-01 00:00:00;556798;web_2;9;7;1;1;0;0;0;0.00;0.00;0.00;
2021-04-01 00:00:00;221050;google_ads;4;2;1;1;1;0;0;0.00;0.00;0.00;
2021-06-01 00:00:00;221050;google_ads;7;7;0;0;0;0;0;0.00;0.00;0.00;
2021-05-01 00:00:00;221050;google_ads;14;10;0;4;3;8;2;682.98;2.00;5463.83;0.00
2021-07-01 00:00:00;125904;web_2;15;15;0;0;0;0;0;0.00;0.00;0.00;
2021-06-01 00:00:00;125904;web_2;5;5;0;0;0;0;0;0.00;0.00;0.00;
2021-08-01 00:00:00;125904;web_2;8;8;0;0;0;0;0;0.00;0.00;0.00;
2021-12-01 00:00:00;694318;google_ads;3;3;0;0;0;0;0;0.00;0.00;0.00;
2021-12-01 00:00:00;194898;web_1;7;7;0;0;0;0;0;0.00;0.00;0.00;
2021-08-01 00:00:00;821538;google_ads;10;10;0;0;0;0;0;0.00;0.00;0.00;
2021-07-01 00:00:00;821538;google_ads;14;6;1;7;4;8;2;88.76;1.00;710.10;3.89
2021-09-01 00:00:00;821538;google_ads;9;9;0;0;0;0;0;0.00;0.00;0.00;
2021-10-01 00:00:00;877601;google_ads;8;8;0;0;0;0;0;0.00;0.00;0.00;
2021-11-01 00:00:00;877601;google_ads;2;2;0;0;0;0;0;0.00;0.00;0.00;
2021-09-01 00:00:00;645444;web_3;2;2;0;0;0;0;0;0.00;0.00;0.00;
2021-08-01 00:00:00;645444;web_3;12;8;1;3;3;8;2;175.68;1.00;1405.44;0.27
2021-12-01 00:00:00;334847;web_1;4;2;1;1;0;0;0;0.00;0.00;0.00;
2021-09-01 00:00:00;519180;google_ads;8;8;0;0;0;0;0;0.00;0.00;0.00;
2021-08-01 00:00:00;519180;google_ads;2;2;0;0;0;0;0;0.00;0.00;0.00;
2021-11-01 00:00:00;519180;google_ads;7;7;0;0;0;0;0;0.00;0.00;0.00;
2021-10-01 00:00:00;519180;google_ads;6;6;0;0;0;0;0;0.00;0.00;0.00;
2021-04-01 00:00:00;348529;web_2;1;1;0;0;0;0;0;0.00;0.00;0.00;
2021-06-01 00:00:00;348529;web_2;9;9;0;0;0;0;0;0.00;0.00;0.00;
2021-05-01 00:00:00;348529;web_2;11;6;1;4;2;0;0;0.00;0.00;0.00;
2021-08-01 00:00:00;348529;web_2;3;3;0;0;0;0;0;0.00;0.00;0.00;
2021-07-01 00:00:00;348529;web_2;8;8;0;0;0;0;0;0.00;0.00;0.00;
2021-04-01 00:00:00;154559;web_1;2;2;0;0;0;0;0;0.00;0.00;0.00;
2021-05-01 00:00:00;154559;web_1;2;2;0;0;0;0;0;0.00;0.00;0.00;
2021-03-01 00:00:00;549044;web_3;8;8;0;0;0;0;0;0.00;0.00;0.00;
2021-02-01 00:00:00;549044;web_3;1;1;0;0;0;0;0;0.00;0.00;0.00;
2021-05-01 00:00:00;549044;web_3;6;6;0;0;0;0;0;0.00;0.00;0.00;
2021-04-01 00:00:00;549044;web_3;8;8;0;0;0;0;0;0.00;0.00;0.00;
2021-11-01 00:00:00;861065;web_3;5;5;0;0;0;0;0;0.00;0.00;0.00;
2021-10-01 00:00:00;861065;web_3;16;9;0;7;5;8;2;301.63;1.00;2413.01;0.59
2021-09-01 00:00:00;861065;web_3;4;2;1;1;1;4;1;161.29;1.00;645.16;0.00
2021-06-01 00:00:00;422213;web_1;11;5;0;6;3;4;1;296.05;1.00;1184.21;0.00
2021-05-01 00:00:00;422213;web_1;13;8;1;4;4;0;0;0.00;0.00;0.00;
2021-09-01 00:00:00;559121;web_1;5;5;0;0;0;0;0;0.00;0.00;0.00;
2021-11-01 00:00:00;559121;web_1;7;7;0;0;0;0;0;0.00;0.00;0.00;
2021-10-01 00:00:00;559121;web_1;8;8;0;0;0;0;0;0.00;0.00;0.00;
2021-12-01 00:00:00;559121;web_1;2;2;0;0;0;0;0;0.00;0.00;0.00;
2021-11-01 00:00:00;791500;web_2;9;9;0;0;0;0;0;0.00;0.00;0.00;
2021-10-01 00:00:00;791500;web_2;7;7;0;0;0;0;0;0.00;0.00;0.00;
2021-09-01 00:00:00;791500;web_2;6;6;0;0;0;0;0;0.00;0.00;0.00;
2021-12-01 00:00:00;791500;web_2;2;2;0;0;0;0;0;0.00;0.00;0.00;
2021-04-01 00:00:00;511647;web_2;4;3;1;0;0;0;0;0.00;0.00;0.00;
2021-06-01 00:00:00;511647;web_2;6;6;0;0;0;0;0;0.00;0.00;0.00;
2021-05-01 00:00:00;511647;web_2;16;8;0;8;5;12;3;223.78;1.00;2685.33;1.91
2021-11-01 00:00:00;160034;web_1;5;3;1;1;0;0;0;0.00;0.00;0.00;
2021-12-01 00:00:00;160034;web_1;19;11;0;8;5;4;1;237.38;1.00;949.53;0.00
2021-11-01 00:00:00;520601;google_ads;1;1;0;0;0;0;0;0.00;0.00;0.00;
2021-10-01 00:00:00;520601;google_ads;7;7;0;0;0;0;0;0.00;0.00;0.00;
2021-09-01 00:00:00;630231;web_2;5;5;0;0;0;0;0;0.00;0.00;0.00;
2021-11-01 00:00:00;630231;web_2;2;2;0;0;0;0;0;0.00;0.00;0.00;
2021-10-01 00:00:00;630231;web_2;8;8;0;0;0;0;0;0.00;0.00;0.00;
2021-04-01 00:00:00;196352;web_2;17;9;1;7;4;8;2;534.32;2.00;4274.57;0.00
2021-03-01 00:00:00;196352;web_2;2;2;0;0;0;0;0;0.00;0.00;0.00;
2021-05-01 00:00:00;196352;web_2;2;2;0;0;0;0;0;0.00;0.00;0.00;
2021-02-01 00:00:00;366589;web_3;4;2;1;1;1;0;0;0.00;0.00;0.00;
2021-04-01 00:00:00;534628;google_ads;5;5;0;0;0;0;0;0.00;0.00;0.00;
2021-03-01 00:00:00;534628;google_ads;10;10;0;0;0;0;0;0.00;0.00;0.00;
2021-02-01 00:00:00;534628;google_ads;7;7;0;0;0;0;0;0.00;0.00;0.00;
2021-01-01 00:00:00;534628;google_ads;6;6;0;0;0;0;0;0.00;0.00;0.00;
2021-06-01 00:00:00;603887;web_3;9;6;1;2;2;0;0;0.00;0.00;0.00;
2021-07-01 00:00:00;603887;web_3;4;4;0;0;0;0;0;0.00;0.00;0.00;
2021-04-01 00:00:00;368264;web_1;5;5;0;0;0;0;0;0.00;0.00;0.00;
2021-03-01 00:00:00;368264;web_1;10;10;0;0;0;0;0;0.00;0.00;0.00;
2021-02-01 00:00:00;368264;web_1;11;7;0;4;4;8;2;380.38;2.00;3043.01;0.00
2021-01-01 00:00:00;368264;web_1;9;6;1;2;1;4;1;404.10;1.00;1616.41;0.00
2021-06-01 00:00:00;807449;web_1;3;2;1;0;0;0;0;0.00;0.00;0.00;
2021-08-01 00:00:00;807449;web_1;10;10;0;0;0;0;0;0.00;0.00;0.00;
2021-07-01 00:00:00;807449;web_1;10;6;0;4;3;8;2;463.52;2.00;3708.17;0.00
2021-09-01 00:00:00;807449;web_1;2;2;0;0;0;0;0;0.00;0.00;0.00;
2021-11-01 00:00:00;260906;web_1;4;4;0;0;0;0;0;0.00;0.00;0.00;
2021-12-01 00:00:00;260906;web_1;7;7;0;0;0;0;0;0.00;0.00;0.00;
2021-06-01 00:00:00;924657;web_1;5;5;0;0;0;0;0;0.00;0.00;0.00;
2021-05-01 00:00:00;924657;web_1;12;11;0;1;0;0;0;0.00;0.00;0.00;
2021-04-01 00:00:00;924657;web_1;14;7;1;6;5;0;0;0.00;0.00;0.00;
2021-07-01 00:00:00;128690;web_2;6;6;0;0;0;0;0;0.00;0.00;0.00;
2021-06-01 00:00:00;128690;web_2;5;5;0;0;0;0;0;0.00;0.00;0.00;
2021-09-01 00:00:00;128690;web_2;8;8;0;0;0;0;0;0.00;0.00;0.00;
2021-08-01 00:00:00;128690;web_2;6;6;0;0;0;0;0;0.00;0.00;0.00;
2021-10-01 00:00:00;128690;web_2;5;5;0;0;0;0;0;0.00;0.00;0.00;
2021-03-01 00:00:00;980584;google_ads;8;8;0;0;0;0;0;0.00;0.00;0.00;
2021-02-01 00:00:00;980584;google_ads;6;6;0;0;0;0;0;0.00;0.00;0.00;
2021-01-01 00:00:00;980584;google_ads;1;1;0;0;0;0;0;0.00;0.00;0.00;
2021-11-01 00:00:00;667827;web_2;9;9;0;0;0;0;0;0.00;0.00;0.00;
2021-10-01 00:00:00;667827;web_2;10;7;1;2;1;4;1;0.00;0.00;0.00;
2021-12-01 00:00:00;667827;web_2;9;9;0;0;0;0;0;0.00;0.00;0.00;
2021-06-01 00:00:00;340706;web_3;2;2;0;0;0;0;0;0.00;0.00;0.00;
2021-07-01 00:00:00;340706;web_3;9;9;0;0;0;0;0;0.00;0.00;0.00;
2021-11-01 00:00:00;629870;google_ads;6;6;0;0;0;0;0;0.00;0.00;0.00;
2021-10-01 00:00:00;629870;google_ads;3;3;0;0;0;0;0;0.00;0.00;0.00;
2021-12-01 00:00:00;629870;google_ads;5;5;0;0;0;0;0;0.00;0.00;0.00;
2021-11-01 00:00:00;156789;google_ads;5;2;1;2;1;4;1;722.00;1.00;2888.01;0.00
2021-12-01 00:00:00;156789;google_ads;7;0;0;7;0;12;3;518.63;3.00;6223.52;0.00
2021-03-01 00:00:00;550013;web_3;8;8;0;0;0;0;0;0.00;0.00;0.00;
2021-02-01 00:00:00;550013;web_3;9;9;0;0;0;0;0;0.00;0.00;0.00;
2021-01-01 00:00:00;550013;web_3;5;3;1;1;0;0;0;0.00;0.00;0.00;
2021-04-01 00:00:00;550013;web_3;1;1;0;0;0;0;0;0.00;0.00;0.00;
2021-08-01 00:00:00;708393;web_1;5;5;0;0;0;0;0;0.00;0.00;0.00;
2021-09-01 00:00:00;708393;web_1;7;7;0;0;0;0;0;0.00;0.00;0.00;
2021-11-01 00:00:00;151440;web_3;9;9;0;0;0;0;0;0.00;0.00;0.00;
2021-12-01 00:00:00;151440;web_3;12;12;0;0;0;0;0;0.00;0.00;0.00;
2021-09-01 00:00:00;394997;web_3;12;9;1;2;2;0;0;0.00;0.00;0.00;
2021-10-01 00:00:00;394997;web_3;8;8;0;0;0;0;0;0.00;0.00;0.00;
2021-06-01 00:00:00;602309;web_3;5;5;0;0;0;0;0;0.00;0.00;0.00;
2021-08-01 00:00:00;602309;web_3;5;5;0;0;0;0;0;0.00;0.00;0.00;
2021-07-01 00:00:00;602309;web_3;10;10;0;0;0;0;0;0.00;0.00;0.00;
2021-11-01 00:00:00;446862;web_1;9;9;0;0;0;0;0;0.00;0.00;0.00;
2021-10-01 00:00:00;446862;web_1;8;8;0;0;0;0;0;0.00;0.00;0.00;
2021-06-01 00:00:00;330628;web_1;6;3;1;2;1;4;1;0.00;0.00;0.00;
2021-09-01 00:00:00;330628;web_1;4;4;0;0;0;0;0;0.00;0.00;0.00;
2021-08-01 00:00:00;330628;web_1;6;6;0;0;0;0;0;0.00;0.00;0.00;
2021-07-01 00:00:00;330628;web_1;10;10;0;0;0;0;0;0.00;0.00;0.00;
2021-11-01 00:00:00;620484;web_3;4;3;1;0;0;0;0;0.00;0.00;0.00;
2021-12-01 00:00:00;620484;web_3;16;9;0;7;6;12;3;308.27;2.00;3699.23;0.68
2021-04-01 00:00:00;289188;web_3;7;7;0;0;0;0;0;0.00;0.00;0.00;
2021-03-01 00:00:00;289188;web_3;1;1;0;0;0;0;0;0.00;0.00;0.00;
2021-05-01 00:00:00;289188;web_3;2;2;0;0;0;0;0;0.00;0.00;0.00;
2021-06-01 00:00:00;769370;web_1;13;10;1;2;0;0;0;0.00;0.00;0.00;
2021-06-01 00:00:00;661332;web_1;10;6;1;3;3;0;0;0.00;0.00;0.00;
2021-08-01 00:00:00;661332;web_1;9;9;0;0;0;0;0;0.00;0.00;0.00;
2021-07-01 00:00:00;661332;web_1;11;8;0;3;1;8;2;469.98;2.00;3759.86;0.00
2021-11-01 00:00:00;164969;web_2;10;10;0;0;0;0;0;0.00;0.00;0.00;
2021-10-01 00:00:00;164969;web_2;6;6;0;0;0;0;0;0.00;0.00;0.00;
2021-12-01 00:00:00;164969;web_2;5;5;0;0;0;0;0;0.00;0.00;0.00;
2021-08-01 00:00:00;994640;web_1;8;8;0;0;0;0;0;0.00;0.00;0.00;
2021-09-01 00:00:00;994640;web_1;1;1;0;0;0;0;0;0.00;0.00;0.00;
2021-03-01 00:00:00;817006;google_ads;4;4;0;0;0;0;0;0.00;0.00;0.00;
2021-05-01 00:00:00;817006;google_ads;6;6;0;0;0;0;0;0.00;0.00;0.00;
2021-04-01 00:00:00;817006;google_ads;11;11;0;0;0;0;0;0.00;0.00;0.00;
2021-09-01 00:00:00;194935;google_ads;7;7;0;0;0;0;0;0.00;0.00;0.00;
2021-08-01 00:00:00;194935;google_ads;5;5;0;0;0;0;0;0.00;0.00;0.00;
2021-10-01 00:00:00;194935;google_ads;1;1;0;0;0;0;0;0.00;0.00;0.00;
2021-09-01 00:00:00;512232;web_2;4;4;0;0;0;0;0;0.00;0.00;0.00;
2021-08-01 00:00:00;512232;web_2;6;6;0;0;0;0;0;0.00;0.00;0.00;
2021-07-01 00:00:00;512232;web_2;7;7;0;0;0;0;0;0.00;0.00;0.00;
2021-04-01 00:00:00;259744;web_1;3;3;0;0;0;0;0;0.00;0.00;0.00;
2021-06-01 00:00:00;259744;web_1;9;9;0;0;0;0;0;0.00;0.00;0.00;
2021-05-01 00:00:00;259744;web_1;11;11;0;0;0;0;0;0.00;0.00;0.00;
2021-03-01 00:00:00;751737;google_ads;3;2;1;0;0;0;0;0.00;0.00;0.00;
2021-04-01 00:00:00;751737;google_ads;2;1;0;1;1;0;0;0.00;0.00;0.00;
2021-06-01 00:00:00;423985;google_ads;4;4;0;0;0;0;0;0.00;0.00;0.00;
2021-08-01 00:00:00;423985;google_ads;10;10;0;0;0;0;0;0.00;0.00;0.00;
2021-07-01 00:00:00;423985;google_ads;7;7;0;0;0;0;0;0.00;0.00;0.00;
2021-06-01 00:00:00;647893;web_2;7;7;0;0;0;0;0;0.00;0.00;0.00;
2021-06-01 00:00:00;670612;google_ads;2;2;0;0;0;0;0;0.00;0.00;0.00;
2021-08-01 00:00:00;670612;google_ads;1;1;0;0;0;0;0;0.00;0.00;0.00;
2021-07-01 00:00:00;670612;google_ads;7;7;0;0;0;0;0;0.00;0.00;0.00;
2021-09-01 00:00:00;472000;google_ads;5;5;0;0;0;0;0;0.00;0.00;0.00;
2021-08-01 00:00:00;472000;google_ads;8;8;0;0;0;0;0;0.00;0.00;0.00;
2021-07-01 00:00:00;472000;google_ads;9;9;0;0;0;0;0;0.00;0.00;0.00;
2021-11-01 00:00:00;394952;web_1;10;10;0;0;0;0;0;0.00;0.00;0.00;
2021-10-01 00:00:00;394952;web_1;5;5;0;0;0;0;0;0.00;0.00;0.00;
2021-12-01 00:00:00;394952;web_1;10;10;0;0;0;0;0;0.00;0.00;0.00;
2021-08-01 00:00:00;741212;web_3;4;0;0;4;0;4;1;0.00;0.00;0.00;
2021-07-01 00:00:00;741212;web_3;9;2;1;6;0;8;2;587.03;2.00;4696.26;0.00
2021-09-01 00:00:00;515537;web_3;11;7;0;4;2;12;3;415.35;2.00;4984.17;0.16
2021-08-01 00:00:00;515537;web_3;6;4;1;1;1;0;0;0.00;0.00;0.00;
2021-11-01 00:00:00;804372;web_3;1;0;0;1;0;4;1;155.16;1.00;620.64;0.00
2021-10-01 00:00:00;804372;web_3;5;3;1;1;1;0;0;0.00;0.00;0.00;
2021-11-01 00:00:00;261474;web_2;10;10;0;0;0;0;0;0.00;0.00;0.00;
2021-12-01 00:00:00;261474;web_2;3;3;0;0;0;0;0;0.00;0.00;0.00;
2021-12-01 00:00:00;475086;google_ads;6;4;1;1;0;0;0;0.00;0.00;0.00;
2021-03-01 00:00:00;580994;web_1;13;13;0;0;0;0;0;0.00;0.00;0.00;
2021-02-01 00:00:00;580994;web_1;4;4;0;0;0;0;0;0.00;0.00;0.00;
2021-05-01 00:00:00;580994;web_1;5;5;0;0;0;0;0;0.00;0.00;0.00;
2021-04-01 00:00:00;580994;web_1;8;8;0;0;0;0;0;0.00;0.00;0.00;
2021-11-01 00:00:00;341005;web_2;7;0;0;7;0;8;2;123.40;1.00;987.16;2.62
2021-10-01 00:00:00;341005;web_2;5;3;1;1;0;0;0;0.00;0.00;0.00;
2021-09-01 00:00:00;555170;web_3;2;2;0;0;0;0;0;0.00;0.00;0.00;
2021-11-01 00:00:00;555170;web_3;8;8;0;0;0;0;0;0.00;0.00;0.00;
2021-10-01 00:00:00;555170;web_3;12;7;1;4;3;0;0;0.00;0.00;0.00;
2021-12-01 00:00:00;555170;web_3;4;4;0;0;0;0;0;0.00;0.00;0.00;
2021-12-01 00:00:00;992295;google_ads;5;5;0;0;0;0;0;0.00;0.00;0.00;
2021-03-01 00:00:00;723700;web_3;9;9;0;0;0;0;0;0.00;0.00;0.00;
2021-02-01 00:00:00;723700;web_3;6;6;0;0;0;0;0;0.00;0.00;0.00;
2021-04-01 00:00:00;723700;web_3;3;3;0;0;0;0;0;0.00;0.00;0.00;
2021-05-01 00:00:00;875234;google_ads;4;4;0;0;0;0;0;0.00;0.00;0.00;
2021-04-01 00:00:00;875234;google_ads;10;6;1;3;2;4;1;633.23;1.00;2532.91;0.00
2021-12-01 00:00:00;446969;web_1;9;5;1;3;2;8;2;79.52;1.00;636.16;1.01
2021-04-01 00:00:00;472390;google_ads;2;2;0;0;0;0;0;0.00;0.00;0.00;
2021-06-01 00:00:00;472390;google_ads;7;7;0;0;0;0;0;0.00;0.00;0.00;
2021-05-01 00:00:00;472390;google_ads;7;7;0;0;0;0;0;0.00;0.00;0.00;
2021-08-01 00:00:00;472390;google_ads;2;2;0;0;0;0;0;0.00;0.00;0.00;
2021-07-01 00:00:00;472390;google_ads;10;10;0;0;0;0;0;0.00;0.00;0.00;
2021-03-01 00:00:00;988041;web_3;5;5;0;0;0;0;0;0.00;0.00;0.00;
2021-05-01 00:00:00;988041;web_3;12;12;0;0;0;0;0;0.00;0.00;0.00;
2021-04-01 00:00:00;988041;web_3;9;9;0;0;0;0;0;0.00;0.00;0.00;
2021-12-01 00:00:00;958135;web_1;8;8;0;0;0;0;0;0.00;0.00;0.00;
2021-11-01 00:00:00;958135;web_1;7;7;0;0;0;0;0;0.00;0.00;0.00;
2021-04-01 00:00:00;286598;web_3;6;6;0;0;0;0;0;0.00;0.00;0.00;
2021-03-01 00:00:00;286598;web_3;1;1;0;0;0;0;0;0.00;0.00;0.00;
2021-06-01 00:00:00;286598;web_3;9;9;0;0;0;0;0;0.00;0.00;0.00;
2021-05-01 00:00:00;286598;web_3;10;10;0;0;0;0;0;0.00;0.00;0.00;
2021-07-01 00:00:00;286598;web_3;4;4;0;0;0;0;0;0.00;0.00;0.00;
2021-11-01 00:00:00;313580;google_ads;7;7;0;0;0;0;0;0.00;0.00;0.00;
2021-10-01 00:00:00;313580;google_ads;11;7;1;3;1;0;0;0.00;0.00;0.00;
2021-04-01 00:00:00;470033;web_3;2;2;0;0;0;0;0;0.00;0.00;0.00;
2021-03-01 00:00:00;470033;web_3;7;7;0;0;0;0;0;0.00;0.00;0.00;
2021-02-01 00:00:00;470033;web_3;10;10;0;0;0;0;0;0.00;0.00;0.00;
2021-01-01 00:00:00;470033;web_3;11;11;0;0;0;0;0;0.00;0.00;0.00;
2021-09-01 00:00:00;632903;web_1;7;7;0;0;0;0;0;0.00;0.00;0.00;
2021-08-01 00:00:00;632903;web_1;15;9;1;5;3;12;3;118.56;1.00;1422.68;1.08
2021-11-01 00:00:00;632903;web_1;2;2;0;0;0;0;0;0.00;0.00;0.00;
2021-10-01 00:00:00;632903;web_1;10;10;0;0;0;0;0;0.00;0.00;0.00;
2021-08-01 00:00:00;905075;web_3;4;3;1;0;0;0;0;0.00;0.00;0.00;
2021-09-01 00:00:00;905075;web_3;14;6;0;8;4;8;2;452.50;2.00;3619.97;0.00
2021-05-01 00:00:00;768428;web_3;1;0;0;1;0;0;0;0.00;0.00;0.00;
2021-04-01 00:00:00;768428;web_3;6;2;1;3;1;4;1;349.70;1.00;1398.80;0.00
2021-11-01 00:00:00;305487;web_2;17;10;1;6;6;8;2;349.73;2.00;2797.80;0.00
2021-10-01 00:00:00;305487;web_2;1;1;0;0;0;0;0;0.00;0.00;0.00;
2021-12-01 00:00:00;305487;web_2;3;2;0;1;1;4;1;148.22;1.00;592.86;0.00
2021-09-01 00:00:00;445521;web_2;7;5;1;1;0;4;1;0.00;0.00;0.00;
2021-11-01 00:00:00;445521;web_2;5;5;0;0;0;0;0;0.00;0.00;0.00;
2021-10-01 00:00:00;445521;web_2;11;11;0;0;0;0;0;0.00;0.00;0.00;
2021-12-01 00:00:00;445521;web_2;7;7;0;0;0;0;0;0.00;0.00;0.00;
2021-11-01 00:00:00;783372;web_3;17;9;0;8;5;16;4;137.23;2.00;2195.70;1.83
2021-10-01 00:00:00;783372;web_3;9;7;1;1;1;4;1;205.73;1.00;822.90;0.00
2021-12-01 00:00:00;783372;web_3;8;8;0;0;0;0;0;0.00;0.00;0.00;
2021-03-01 00:00:00;168341;web_2;3;3;0;0;0;0;0;0.00;0.00;0.00;
2021-02-01 00:00:00;168341;web_2;7;7;0;0;0;0;0;0.00;0.00;0.00;
2021-01-01 00:00:00;168341;web_2;16;7;1;8;4;20;5;271.48;4.00;5429.57;0.05
2021-03-01 00:00:00;558778;web_2;13;7;1;5;4;16;4;111.01;1.00;1776.20;4.25
2021-02-01 00:00:00;558778;web_2;2;2;0;0;0;0;0;0.00;0.00;0.00;
2021-06-01 00:00:00;558778;web_2;7;7;0;0;0;0;0;0.00;0.00;0.00;
2021-05-01 00:00:00;558778;web_2;6;6;0;0;0;0;0;0.00;0.00;0.00;
2021-04-01 00:00:00;558778;web_2;12;7;0;5;3;12;3;444.83;3.00;5337.99;0.00
2021-09-01 00:00:00;378691;web_1;1;0;0;1;0;0;0;0.00;0.00;0.00;
2021-08-01 00:00:00;378691;web_1;11;5;1;5;1;12;3;461.84;3.00;5542.07;0.00
2021-11-01 00:00:00;488795;google_ads;5;4;1;0;0;0;0;0.00;0.00;0.00;
2021-12-01 00:00:00;488795;google_ads;16;8;0;8;6;8;2;321.65;2.00;2573.19;0.00
2021-11-01 00:00:00;229215;web_1;13;13;0;0;0;0;0;0.00;0.00;0.00;
2021-10-01 00:00:00;229215;web_1;7;5;1;1;0;4;1;549.00;1.00;2196.01;0.00
2021-12-01 00:00:00;229215;web_1;4;4;0;0;0;0;0;0.00;0.00;0.00;
2021-02-01 00:00:00;384809;web_1;13;6;1;6;5;8;2;79.51;1.00;636.09;2.45
2021-01-01 00:00:00;384809;web_1;2;2;0;0;0;0;0;0.00;0.00;0.00;
2021-12-01 00:00:00;255887;google_ads;1;1;0;0;0;0;0;0.00;0.00;0.00;
2021-12-01 00:00:00;614870;google_ads;8;5;1;2;1;4;1;231.84;1.00;927.37;0.00
2021-11-01 00:00:00;669134;web_1;10;10;0;0;0;0;0;0.00;0.00;0.00;
2021-10-01 00:00:00;669134;web_1;13;8;1;4;3;12;3;92.37;3.00;1108.38;0.00
2021-12-01 00:00:00;669134;web_1;1;1;0;0;0;0;0;0.00;0.00;0.00;
2021-06-01 00:00:00;319407;web_1;9;6;0;3;2;4;1;0.00;0.00;0.00;
2021-05-01 00:00:00;319407;web_1;19;11;1;7;5;4;1;424.67;1.00;1698.69;0.00
2021-07-01 00:00:00;319407;web_1;7;7;0;0;0;0;0;0.00;0.00;0.00;
2021-09-01 00:00:00;163779;google_ads;9;9;0;0;0;0;0;0.00;0.00;0.00;
2021-08-01 00:00:00;163779;google_ads;9;7;0;2;1;4;1;632.33;1.00;2529.31;0.00
2021-07-01 00:00:00;163779;google_ads;11;6;1;4;3;4;1;0.00;0.00;0.00;
2021-04-01 00:00:00;260062;google_ads;12;8;0;4;4;4;1;0.00;0.00;0.00;
2021-03-01 00:00:00;260062;google_ads;7;4;1;2;2;0;0;0.00;0.00;0.00;
2021-05-01 00:00:00;260062;google_ads;9;9;0;0;0;0;0;0.00;0.00;0.00;
2021-11-01 00:00:00;719318;google_ads;8;8;0;0;0;0;0;0.00;0.00;0.00;
2021-10-01 00:00:00;719318;google_ads;15;7;0;8;5;16;4;275.15;4.00;4402.40;0.00
2021-09-01 00:00:00;719318;google_ads;5;3;1;1;1;4;1;0.00;0.00;0.00;
2021-12-01 00:00:00;719318;google_ads;7;7;0;0;0;0;0;0.00;0.00;0.00;
2021-09-01 00:00:00;611887;web_3;8;8;0;0;0;0;0;0.00;0.00;0.00;
2021-08-01 00:00:00;611887;web_3;4;4;0;0;0;0;0;0.00;0.00;0.00;
2021-11-01 00:00:00;611887;web_3;6;6;0;0;0;0;0;0.00;0.00;0.00;
2021-10-01 00:00:00;611887;web_3;11;11;0;0;0;0;0;0.00;0.00;0.00;
2021-12-01 00:00:00;611887;web_3;1;1;0;0;0;0;0;0.00;0.00;0.00;
2021-12-01 00:00:00;819944;google_ads;6;4;1;1;1;0;0;0.00;0.00;0.00;
2021-11-01 00:00:00;408965;web_1;14;7;0;7;5;12;3;397.97;2.00;4775.69;0.19
2021-10-01 00:00:00;408965;web_1;6;3;1;2;2;0;0;0.00;0.00;0.00;
2021-12-01 00:00:00;408965;web_1;5;5;0;0;0;0;0;0.00;0.00;0.00;
2021-12-01 00:00:00;908105;web_2;2;2;0;0;0;0;0;0.00;0.00;0.00;
2021-06-01 00:00:00;810911;google_ads;8;8;0;0;0;0;0;0.00;0.00;0.00;
2021-06-01 00:00:00;444191;web_3;7;4;0;3;2;0;0;0.00;0.00;0.00;
2021-08-01 00:00:00;810911;google_ads;7;7;0;0;0;0;0;0.00;0.00;0.00;
2021-07-01 00:00:00;810911;google_ads;9;9;0;0;0;0;0;0.00;0.00;0.00;
2021-09-01 00:00:00;810911;google_ads;1;1;0;0;0;0;0;0.00;0.00;0.00;
2021-11-01 00:00:00;406266;web_3;10;6;0;4;3;0;0;0.00;0.00;0.00;
2021-10-01 00:00:00;406266;web_3;2;1;1;0;0;0;0;0.00;0.00;0.00;
2021-12-01 00:00:00;406266;web_3;8;8;0;0;0;0;0;0.00;0.00;0.00;
2021-09-01 00:00:00;610086;web_1;7;7;0;0;0;0;0;0.00;0.00;0.00;
2021-08-01 00:00:00;610086;web_1;9;9;0;0;0;0;0;0.00;0.00;0.00;
2021-07-01 00:00:00;610086;web_1;5;5;0;0;0;0;0;0.00;0.00;0.00;
2021-10-01 00:00:00;610086;web_1;1;1;0;0;0;0;0;0.00;0.00;0.00;
2021-02-01 00:00:00;593922;web_2;7;5;0;2;2;0;0;0.00;0.00;0.00;
2021-01-01 00:00:00;593922;web_2;9;3;1;5;2;4;1;0.00;0.00;0.00;
2021-11-01 00:00:00;544090;web_3;5;5;0;0;0;0;0;0.00;0.00;0.00;
2021-10-01 00:00:00;544090;web_3;4;4;0;0;0;0;0;0.00;0.00;0.00;
2021-09-01 00:00:00;632813;web_3;3;3;0;0;0;0;0;0.00;0.00;0.00;
2021-11-01 00:00:00;632813;web_3;11;11;0;0;0;0;0;0.00;0.00;0.00;
2021-10-01 00:00:00;632813;web_3;7;7;0;0;0;0;0;0.00;0.00;0.00;
2021-12-01 00:00:00;632813;web_3;2;2;0;0;0;0;0;0.00;0.00;0.00;
2021-04-01 00:00:00;274057;google_ads;3;3;0;0;0;0;0;0.00;0.00;0.00;
2021-03-01 00:00:00;274057;google_ads;1;1;0;0;0;0;0;0.00;0.00;0.00;
2021-07-01 00:00:00;155562;web_3;15;11;0;4;3;8;2;337.80;2.00;2702.42;0.00
2021-06-01 00:00:00;155562;web_3;8;4;1;3;2;8;2;308.03;1.00;2464.25;1.03
2021-08-01 00:00:00;155562;web_3;1;1;0;0;0;0;0;0.00;0.00;0.00;
2021-08-01 00:00:00;709495;web_2;7;7;0;0;0;0;0;0.00;0.00;0.00;
2021-09-01 00:00:00;709495;web_2;13;13;0;0;0;0;0;0.00;0.00;0.00;
2021-12-01 00:00:00;953540;web_3;9;9;0;0;0;0;0;0.00;0.00;0.00;
2021-11-01 00:00:00;953540;web_3;8;8;0;0;0;0;0;0.00;0.00;0.00;
2021-12-01 00:00:00;162194;web_2;2;2;0;0;0;0;0;0.00;0.00;0.00;
2021-08-01 00:00:00;591112;web_3;15;8;0;7;5;8;2;318.64;1.00;2549.13;0.27
2021-07-01 00:00:00;591112;web_3;6;4;1;1;1;0;0;0.00;0.00;0.00;
2021-12-01 00:00:00;983119;google_ads;4;4;0;0;0;0;0;0.00;0.00;0.00;
2021-11-01 00:00:00;261238;google_ads;12;12;0;0;0;0;0;0.00;0.00;0.00;
2021-10-01 00:00:00;261238;google_ads;10;10;0;0;0;0;0;0.00;0.00;0.00;
2021-12-01 00:00:00;261238;google_ads;2;2;0;0;0;0;0;0.00;0.00;0.00;
2021-01-01 00:00:00;894877;web_3;6;2;1;3;0;4;1;102.75;1.00;411.00;0.00
2021-09-01 00:00:00;434422;web_3;16;12;0;4;4;8;2;574.39;2.00;4595.14;0.00
2021-08-01 00:00:00;434422;web_3;13;6;1;6;4;8;2;454.92;2.00;3639.33;0.00
2021-11-01 00:00:00;434422;web_3;5;5;0;0;0;0;0;0.00;0.00;0.00;
2021-10-01 00:00:00;434422;web_3;8;8;0;0;0;0;0;0.00;0.00;0.00;
2021-11-01 00:00:00;429366;web_3;11;11;0;0;0;0;0;0.00;0.00;0.00;
2021-10-01 00:00:00;429366;web_3;9;7;1;1;1;0;0;0.00;0.00;0.00;
2021-12-01 00:00:00;429366;web_3;4;4;0;0;0;0;0;0.00;0.00;0.00;
2021-10-01 00:00:00;976814;web_3;7;7;0;0;0;0;0;0.00;0.00;0.00;
2021-12-01 00:00:00;432692;web_3;10;6;1;3;2;12;3;260.43;2.00;3125.13;0.04
2021-11-01 00:00:00;398266;web_3;5;3;1;1;1;4;1;438.47;1.00;1753.88;0.00
2021-08-01 00:00:00;301437;web_2;1;1;0;0;0;0;0;0.00;0.00;0.00;
2021-07-01 00:00:00;301437;web_2;4;4;0;0;0;0;0;0.00;0.00;0.00;
2021-10-01 00:00:00;912961;web_3;13;7;1;5;3;16;4;336.35;4.00;5381.57;0.00
2021-12-01 00:00:00;912961;web_3;6;6;0;0;0;0;0;0.00;0.00;0.00;
2021-11-01 00:00:00;912961;web_3;11;11;0;0;0;0;0;0.00;0.00;0.00;
2021-06-01 00:00:00;224123;web_2;3;3;0;0;0;0;0;0.00;0.00;0.00;
2021-08-01 00:00:00;224123;web_2;7;7;0;0;0;0;0;0.00;0.00;0.00;
2021-07-01 00:00:00;224123;web_2;10;10;0;0;0;0;0;0.00;0.00;0.00;
2021-06-01 00:00:00;637182;web_2;4;4;0;0;0;0;0;0.00;0.00;0.00;
2021-08-01 00:00:00;637182;web_2;5;5;0;0;0;0;0;0.00;0.00;0.00;
2021-07-01 00:00:00;637182;web_2;8;8;0;0;0;0;0;0.00;0.00;0.00;
2021-02-01 00:00:00;206348;web_1;4;4;0;0;0;0;0;0.00;0.00;0.00;
2021-01-01 00:00:00;206348;web_1;5;5;0;0;0;0;0;0.00;0.00;0.00;
2021-06-01 00:00:00;101968;web_3;1;0;0;1;0;0;0;0.00;0.00;0.00;
2021-05-01 00:00:00;101968;web_3;13;5;1;7;3;12;3;376.73;3.00;4520.78;0.00
2021-03-01 00:00:00;702804;web_1;2;2;0;0;0;0;0;0.00;0.00;0.00;
2021-06-01 00:00:00;702804;web_1;4;4;0;0;0;0;0;0.00;0.00;0.00;
2021-05-01 00:00:00;702804;web_1;9;9;0;0;0;0;0;0.00;0.00;0.00;
2021-04-01 00:00:00;702804;web_1;9;9;0;0;0;0;0;0.00;0.00;0.00;
2021-11-01 00:00:00;153975;google_ads;2;2;0;0;0;0;0;0.00;0.00;0.00;
2021-12-01 00:00:00;153975;google_ads;11;11;0;0;0;0;0;0.00;0.00;0.00;
2021-03-01 00:00:00;778968;web_3;9;9;0;0;0;0;0;0.00;0.00;0.00;
2021-05-01 00:00:00;778968;web_3;3;3;0;0;0;0;0;0.00;0.00;0.00;
2021-04-01 00:00:00;778968;web_3;11;11;0;0;0;0;0;0.00;0.00;0.00;
2021-09-01 00:00:00;561292;web_2;1;1;0;0;0;0;0;0.00;0.00;0.00;
2021-11-01 00:00:00;561292;web_2;6;6;0;0;0;0;0;0.00;0.00;0.00;
2021-10-01 00:00:00;561292;web_2;15;6;1;8;5;8;2;473.41;2.00;3787.26;0.00
2021-12-01 00:00:00;561292;web_2;7;7;0;0;0;0;0;0.00;0.00;0.00;
2021-04-01 00:00:00;243632;web_1;2;2;0;0;0;0;0;0.00;0.00;0.00;
2021-03-01 00:00:00;243632;web_1;9;9;0;0;0;0;0;0.00;0.00;0.00;
2021-05-01 00:00:00;910563;web_1;9;3;0;6;4;12;3;361.62;3.00;4339.46;0.00
2021-04-01 00:00:00;910563;web_1;10;5;1;4;1;16;4;216.72;4.00;3467.51;0.00
2021-03-01 00:00:00;916693;web_3;8;8;0;0;0;0;0;0.00;0.00;0.00;
2021-02-01 00:00:00;916693;web_3;5;5;0;0;0;0;0;0.00;0.00;0.00;
2021-10-01 00:00:00;918835;google_ads;12;11;0;1;1;0;0;0.00;0.00;0.00;
2021-09-01 00:00:00;918835;google_ads;5;3;1;1;1;0;0;0.00;0.00;0.00;
2021-12-01 00:00:00;918835;google_ads;9;9;0;0;0;0;0;0.00;0.00;0.00;
2021-11-01 00:00:00;918835;google_ads;5;5;0;0;0;0;0;0.00;0.00;0.00;
2021-03-01 00:00:00;658763;web_2;9;5;1;3;3;12;3;286.69;3.00;3440.22;0.00
2021-05-01 00:00:00;658763;web_2;9;9;0;0;0;0;0;0.00;0.00;0.00;
2021-04-01 00:00:00;658763;web_2;11;8;0;3;2;4;1;581.16;1.00;2324.64;0.00
2021-12-01 00:00:00;876881;google_ads;16;8;0;8;5;8;2;0.00;0.00;0.00;
2021-11-01 00:00:00;876881;google_ads;8;5;1;2;2;0;0;0.00;0.00;0.00;
2021-09-01 00:00:00;127251;google_ads;10;4;1;5;3;4;1;330.62;1.00;1322.49;0.00
2021-11-01 00:00:00;127251;google_ads;9;9;0;0;0;0;0;0.00;0.00;0.00;
2021-10-01 00:00:00;127251;google_ads;10;10;0;0;0;0;0;0.00;0.00;0.00;
2021-12-01 00:00:00;127251;google_ads;4;4;0;0;0;0;0;0.00;0.00;0.00;
2021-11-01 00:00:00;704848;web_2;9;9;0;0;0;0;0;0.00;0.00;0.00;
2021-10-01 00:00:00;704848;web_2;7;5;1;1;1;0;0;0.00;0.00;0.00;
2021-12-01 00:00:00;704848;web_2;3;3;0;0;0;0;0;0.00;0.00;0.00;
2021-09-01 00:00:00;321750;web_2;14;10;1;3;2;0;0;0.00;0.00;0.00;
2021-08-01 00:00:00;321750;web_2;1;1;0;0;0;0;0;0.00;0.00;0.00;
2021-11-01 00:00:00;321750;web_2;2;2;0;0;0;0;0;0.00;0.00;0.00;
2021-10-01 00:00:00;321750;web_2;7;7;0;0;0;0;0;0.00;0.00;0.00;
2021-04-01 00:00:00;277469;web_2;9;9;0;0;0;0;0;0.00;0.00;0.00;
2021-06-01 00:00:00;277469;web_2;5;5;0;0;0;0;0;0.00;0.00;0.00;
2021-05-01 00:00:00;277469;web_2;9;9;0;0;0;0;0;0.00;0.00;0.00;
2021-06-01 00:00:00;170691;google_ads;12;12;0;0;0;0;0;0.00;0.00;0.00;
2021-05-01 00:00:00;170691;google_ads;2;2;0;0;0;0;0;0.00;0.00;0.00;
2021-08-01 00:00:00;170691;google_ads;2;2;0;0;0;0;0;0.00;0.00;0.00;
2021-07-01 00:00:00;170691;google_ads;7;7;0;0;0;0;0;0.00;0.00;0.00;
2021-05-01 00:00:00;681533;web_1;4;4;0;0;0;0;0;0.00;0.00;0.00;
2021-12-01 00:00:00;935647;google_ads;16;9;0;7;7;8;2;343.11;1.00;2744.90;1.09
2021-11-01 00:00:00;935647;google_ads;9;6;1;2;1;4;1;355.02;1.00;1420.08;0.00
2021-10-01 00:00:00;795231;google_ads;3;3;0;0;0;0;0;0.00;0.00;0.00;
2021-09-01 00:00:00;795231;google_ads;5;5;0;0;0;0;0;0.00;0.00;0.00;
2021-11-01 00:00:00;207231;google_ads;10;10;0;0;0;0;0;0.00;0.00;0.00;
2021-12-01 00:00:00;207231;google_ads;6;6;0;0;0;0;0;0.00;0.00;0.00;
2021-06-01 00:00:00;603677;web_3;10;7;1;2;2;8;2;311.87;2.00;2494.92;0.00
2021-07-01 00:00:00;603677;web_3;9;9;0;0;0;0;0;0.00;0.00;0.00;
2021-04-01 00:00:00;226933;web_3;5;5;0;0;0;0;0;0.00;0.00;0.00;
2021-03-01 00:00:00;226933;web_3;12;12;0;0;0;0;0;0.00;0.00;0.00;
2021-02-01 00:00:00;226933;web_3;6;6;0;0;0;0;0;0.00;0.00;0.00;
2021-01-01 00:00:00;226933;web_3;7;7;0;0;0;0;0;0.00;0.00;0.00;
2021-04-01 00:00:00;192807;web_3;7;7;0;0;0;0;0;0.00;0.00;0.00;
2021-03-01 00:00:00;192807;web_3;6;6;0;0;0;0;0;0.00;0.00;0.00;
2021-02-01 00:00:00;192807;web_3;2;2;0;0;0;0;0;0.00;0.00;0.00;
2021-06-01 00:00:00;192807;web_3;2;2;0;0;0;0;0;0.00;0.00;0.00;
2021-05-01 00:00:00;192807;web_3;9;9;0;0;0;0;0;0.00;0.00;0.00;
2021-06-01 00:00:00;471720;web_1;4;4;0;0;0;0;0;0.00;0.00;0.00;
2021-09-01 00:00:00;471720;web_1;8;8;0;0;0;0;0;0.00;0.00;0.00;
2021-08-01 00:00:00;471720;web_1;8;8;0;0;0;0;0;0.00;0.00;0.00;
2021-07-01 00:00:00;471720;web_1;8;8;0;0;0;0;0;0.00;0.00;0.00;
2021-12-01 00:00:00;916199;web_2;9;6;1;2;1;4;1;702.08;1.00;2808.32;0.00
2021-02-01 00:00:00;674092;web_3;2;0;0;2;1;0;0;0.00;0.00;0.00;
2021-01-01 00:00:00;674092;web_3;6;5;1;0;0;0;0;0.00;0.00;0.00;
2021-07-01 00:00:00;833177;web_3;3;3;0;0;0;0;0;0.00;0.00;0.00;
2021-12-01 00:00:00;488998;web_1;11;5;1;5;2;4;1;528.75;1.00;2115.01;0.00
2021-06-01 00:00:00;801503;web_3;11;11;0;0;0;0;0;0.00;0.00;0.00;
2021-05-01 00:00:00;801503;web_3;7;7;0;0;0;0;0;0.00;0.00;0.00;
2021-04-01 00:00:00;801503;web_3;8;8;0;0;0;0;0;0.00;0.00;0.00;
2021-07-01 00:00:00;801503;web_3;3;3;0;0;0;0;0;0.00;0.00;0.00;
2021-10-01 00:00:00;896905;web_2;2;1;0;1;0;0;0;0.00;0.00;0.00;
2021-09-01 00:00:00;896905;web_2;11;7;1;3;3;4;1;650.28;1.00;2601.12;0.00
2021-08-01 00:00:00;822163;google_ads;16;8;0;8;5;4;1;437.56;1.00;1750.23;0.00
2021-07-01 00:00:00;822163;google_ads;6;5;1;0;0;0;0;0.00;0.00;0.00;
2021-10-01 00:00:00;822163;google_ads;8;8;0;0;0;0;0;0.00;0.00;0.00;
2021-09-01 00:00:00;822163;google_ads;11;9;0;2;1;0;0;0.00;0.00;0.00;
2021-11-01 00:00:00;276585;web_2;10;5;1;4;4;4;1;301.18;1.00;1204.70;0.00
2021-12-01 00:00:00;276585;web_2;10;5;0;5;4;8;2;166.53;2.00;1332.22;0.00
2021-08-01 00:00:00;366852;web_3;11;11;0;0;0;0;0;0.00;0.00;0.00;
2021-07-01 00:00:00;366852;web_3;5;5;0;0;0;0;0;0.00;0.00;0.00;
2021-12-01 00:00:00;878899;web_3;5;5;0;0;0;0;0;0.00;0.00;0.00;
2021-11-01 00:00:00;878899;web_3;14;11;1;2;2;0;0;0.00;0.00;0.00;
2021-03-01 00:00:00;270808;web_1;11;11;0;0;0;0;0;0.00;0.00;0.00;
2021-02-01 00:00:00;270808;web_1;8;8;0;0;0;0;0;0.00;0.00;0.00;
2021-01-01 00:00:00;270808;web_1;5;5;0;0;0;0;0;0.00;0.00;0.00;
2021-10-01 00:00:00;887613;google_ads;11;11;0;0;0;0;0;0.00;0.00;0.00;
2021-09-01 00:00:00;887613;google_ads;8;8;0;0;0;0;0;0.00;0.00;0.00;
2021-11-01 00:00:00;887613;google_ads;9;9;0;0;0;0;0;0.00;0.00;0.00;
2021-09-01 00:00:00;349458;google_ads;6;6;0;0;0;0;0;0.00;0.00;0.00;
2021-08-01 00:00:00;349458;google_ads;7;7;0;0;0;0;0;0.00;0.00;0.00;
2021-07-01 00:00:00;349458;google_ads;10;10;0;0;0;0;0;0.00;0.00;0.00;
2021-04-01 00:00:00;483227;web_1;9;3;0;6;3;4;1;339.42;1.00;1357.66;0.00
2021-03-01 00:00:00;483227;web_1;3;2;1;0;0;0;0;0.00;0.00;0.00;
2021-09-01 00:00:00;612156;web_3;10;10;0;0;0;0;0;0.00;0.00;0.00;
2021-08-01 00:00:00;612156;web_3;3;3;0;0;0;0;0;0.00;0.00;0.00;
2021-11-01 00:00:00;612156;web_3;4;4;0;0;0;0;0;0.00;0.00;0.00;
2021-10-01 00:00:00;612156;web_3;8;8;0;0;0;0;0;0.00;0.00;0.00;
2021-10-01 00:00:00;918748;web_2;8;8;0;0;0;0;0;0.00;0.00;0.00;
2021-09-01 00:00:00;918748;web_2;11;11;0;0;0;0;0;0.00;0.00;0.00;
2021-11-01 00:00:00;918748;web_2;2;2;0;0;0;0;0;0.00;0.00;0.00;
2021-11-01 00:00:00;933422;web_3;2;2;0;0;0;0;0;0.00;0.00;0.00;
2021-02-01 00:00:00;870164;web_1;1;0;0;1;1;0;0;0.00;0.00;0.00;
2021-01-01 00:00:00;870164;web_1;9;5;1;3;0;8;2;527.34;2.00;4218.68;0.00
2021-06-01 00:00:00;215553;web_3;7;4;0;3;2;0;0;0.00;0.00;0.00;
2021-05-01 00:00:00;215553;web_3;14;8;1;5;3;16;4;295.19;3.00;4723.01;0.36
2021-08-01 00:00:00;456874;web_1;1;1;0;0;0;0;0;0.00;0.00;0.00;
2021-07-01 00:00:00;456874;web_1;3;3;0;0;0;0;0;0.00;0.00;0.00;
2021-11-01 00:00:00;125747;web_1;19;11;1;7;5;8;2;137.65;1.00;1101.16;1.71
2021-12-01 00:00:00;125747;web_1;2;1;0;1;1;0;0;0.00;0.00;0.00;
2021-11-01 00:00:00;369830;google_ads;5;3;1;1;1;0;0;0.00;0.00;0.00;
2021-12-01 00:00:00;369830;google_ads;10;9;0;1;1;0;0;0.00;0.00;0.00;
2021-11-01 00:00:00;440942;google_ads;8;8;0;0;0;0;0;0.00;0.00;0.00;
2021-10-01 00:00:00;440942;google_ads;6;6;0;0;0;0;0;0.00;0.00;0.00;
2021-11-01 00:00:00;260831;web_1;13;13;0;0;0;0;0;0.00;0.00;0.00;
2021-10-01 00:00:00;260831;web_1;5;5;0;0;0;0;0;0.00;0.00;0.00;
2021-12-01 00:00:00;260831;web_1;8;8;0;0;0;0;0;0.00;0.00;0.00;
2021-03-01 00:00:00;794819;google_ads;4;4;0;0;0;0;0;0.00;0.00;0.00;
2021-06-01 00:00:00;794819;google_ads;2;2;0;0;0;0;0;0.00;0.00;0.00;
2021-05-01 00:00:00;794819;google_ads;12;12;0;0;0;0;0;0.00;0.00;0.00;
2021-04-01 00:00:00;794819;google_ads;6;6;0;0;0;0;0;0.00;0.00;0.00;
2021-06-01 00:00:00;616559;web_1;18;9;1;8;5;12;3;392.70;3.00;4712.37;0.00
2021-07-01 00:00:00;616559;web_1;3;3;0;0;0;0;0;0.00;0.00;0.00;
2021-08-01 00:00:00;656074;web_2;10;10;0;0;0;0;0;0.00;0.00;0.00;
2021-07-01 00:00:00;656074;web_2;8;8;0;0;0;0;0;0.00;0.00;0.00;
2021-10-01 00:00:00;656074;web_2;5;5;0;0;0;0;0;0.00;0.00;0.00;
2021-09-01 00:00:00;656074;web_2;7;7;0;0;0;0;0;0.00;0.00;0.00;
2021-11-01 00:00:00;593835;web_1;6;6;0;0;0;0;0;0.00;0.00;0.00;
2021-12-01 00:00:00;593835;web_1;8;8;0;0;0;0;0;0.00;0.00;0.00;
2021-08-01 00:00:00;794901;google_ads;5;5;0;0;0;0;0;0.00;0.00;0.00;
2021-10-01 00:00:00;794901;google_ads;5;5;0;0;0;0;0;0.00;0.00;0.00;
2021-09-01 00:00:00;794901;google_ads;11;11;0;0;0;0;0;0.00;0.00;0.00;
2021-04-01 00:00:00;230873;google_ads;4;4;0;0;0;0;0;0.00;0.00;0.00;
2021-03-01 00:00:00;230873;google_ads;9;9;0;0;0;0;0;0.00;0.00;0.00;
2021-04-01 00:00:00;224282;web_1;8;4;0;4;2;4;1;0.00;0.00;0.00;
2021-03-01 00:00:00;224282;web_1;4;3;1;0;0;0;0;0.00;0.00;0.00;
2021-06-01 00:00:00;340169;web_2;8;5;1;2;2;0;0;0.00;0.00;0.00;
2021-08-01 00:00:00;340169;web_2;5;5;0;0;0;0;0;0.00;0.00;0.00;
2021-07-01 00:00:00;340169;web_2;12;8;0;4;3;8;2;714.15;2.00;5713.22;0.00
2021-11-01 00:00:00;186762;web_2;13;9;0;4;2;8;2;348.93;1.00;2791.44;0.97
2021-10-01 00:00:00;186762;web_2;13;7;1;5;3;4;1;100.92;1.00;403.67;0.00
2021-04-01 00:00:00;266716;web_3;7;4;1;2;1;0;0;0.00;0.00;0.00;
2021-05-01 00:00:00;266716;web_3;11;4;0;7;5;4;1;496.77;1.00;1987.09;0.00
2021-12-01 00:00:00;487543;web_3;10;6;1;3;2;4;1;557.25;1.00;2229.01;0.00
2021-06-01 00:00:00;496037;google_ads;6;6;0;0;0;0;0;0.00;0.00;0.00;
2021-07-01 00:00:00;496037;google_ads;4;4;0;0;0;0;0;0.00;0.00;0.00;
2021-06-01 00:00:00;915081;web_1;3;3;0;0;0;0;0;0.00;0.00;0.00;
2021-05-01 00:00:00;915081;web_1;8;8;0;0;0;0;0;0.00;0.00;0.00;
2021-04-01 00:00:00;915081;web_1;4;4;0;0;0;0;0;0.00;0.00;0.00;
2021-12-01 00:00:00;883599;google_ads;5;3;1;1;1;0;0;0.00;0.00;0.00;
2021-06-01 00:00:00;984049;web_1;9;9;0;0;0;0;0;0.00;0.00;0.00;
2021-05-01 00:00:00;984049;web_1;10;10;0;0;0;0;0;0.00;0.00;0.00;
2021-04-01 00:00:00;984049;web_1;6;6;0;0;0;0;0;0.00;0.00;0.00;
2021-07-01 00:00:00;984049;web_1;4;4;0;0;0;0;0;0.00;0.00;0.00;
2021-04-01 00:00:00;359631;google_ads;5;5;0;0;0;0;0;0.00;0.00;0.00;
2021-05-01 00:00:00;359631;google_ads;6;6;0;0;0;0;0;0.00;0.00;0.00;
2021-06-01 00:00:00;916130;web_2;8;8;0;0;0;0;0;0.00;0.00;0.00;
2021-05-01 00:00:00;916130;web_2;7;7;0;0;0;0;0;0.00;0.00;0.00;
2021-04-01 00:00:00;916130;web_2;9;6;1;2;2;4;1;407.51;1.00;1630.02;0.00
2021-08-01 00:00:00;946922;google_ads;8;8;0;0;0;0;0;0.00;0.00;0.00;
2021-07-01 00:00:00;946922;google_ads;1;1;0;0;0;0;0;0.00;0.00;0.00;
2021-06-01 00:00:00;655091;google_ads;9;4;1;4;2;4;1;624.72;1.00;2498.88;0.00
2021-08-01 00:00:00;655091;google_ads;8;8;0;0;0;0;0;0.00;0.00;0.00;
2021-07-01 00:00:00;655091;google_ads;6;6;0;0;0;0;0;0.00;0.00;0.00;
2021-09-01 00:00:00;655091;google_ads;7;7;0;0;0;0;0;0.00;0.00;0.00;
2021-11-01 00:00:00;919991;web_1;3;3;0;0;0;0;0;0.00;0.00;0.00;
2021-09-01 00:00:00;557973;web_2;13;9;0;4;3;4;1;46.85;1.00;187.40;0.00
2021-08-01 00:00:00;557973;web_2;7;4;1;2;1;8;2;13.07;1.00;104.59;11.01
2021-03-01 00:00:00;984345;web_3;7;7;0;0;0;0;0;0.00;0.00;0.00;
2021-02-01 00:00:00;984345;web_3;13;10;0;3;2;4;1;457.31;1.00;1829.24;0.00
2021-01-01 00:00:00;984345;web_3;12;7;1;4;2;4;1;0.00;0.00;0.00;
2021-04-01 00:00:00;984345;web_3;4;4;0;0;0;0;0;0.00;0.00;0.00;
2021-07-01 00:00:00;158342;web_3;12;12;0;0;0;0;0;0.00;0.00;0.00;
2021-06-01 00:00:00;158342;web_3;6;6;0;0;0;0;0;0.00;0.00;0.00;
2021-08-01 00:00:00;158342;web_3;8;8;0;0;0;0;0;0.00;0.00;0.00;
2021-03-01 00:00:00;556710;web_1;7;7;0;0;0;0;0;0.00;0.00;0.00;
2021-02-01 00:00:00;556710;web_1;5;5;0;0;0;0;0;0.00;0.00;0.00;
2021-06-01 00:00:00;316452;web_2;6;3;1;2;2;4;1;195.14;1.00;780.57;0.00
2021-09-01 00:00:00;316452;web_2;2;2;0;0;0;0;0;0.00;0.00;0.00;
2021-08-01 00:00:00;316452;web_2;11;11;0;0;0;0;0;0.00;0.00;0.00;
2021-07-01 00:00:00;316452;web_2;12;10;0;2;1;4;1;0.00;0.00;0.00;
2021-11-01 00:00:00;542949;web_2;5;5;0;0;0;0;0;0.00;0.00;0.00;
2021-12-01 00:00:00;542949;web_2;9;9;0;0;0;0;0;0.00;0.00;0.00;
2021-10-01 00:00:00;975873;google_ads;11;11;0;0;0;0;0;0.00;0.00;0.00;
2021-09-01 00:00:00;975873;google_ads;2;2;0;0;0;0;0;0.00;0.00;0.00;
2021-11-01 00:00:00;975873;google_ads;7;7;0;0;0;0;0;0.00;0.00;0.00;
2021-05-01 00:00:00;619573;google_ads;8;5;1;2;1;0;0;0.00;0.00;0.00;
2021-10-01 00:00:00;656275;web_2;5;2;0;3;2;4;1;651.92;1.00;2607.66;0.00
2021-09-01 00:00:00;656275;web_2;11;6;1;4;3;4;1;0.00;0.00;0.00;
2021-09-01 00:00:00;263690;web_2;11;11;0;0;0;0;0;0.00;0.00;0.00;
2021-08-01 00:00:00;263690;web_2;1;1;0;0;0;0;0;0.00;0.00;0.00;
2021-05-01 00:00:00;778205;web_1;14;8;1;5;2;4;1;144.86;1.00;579.45;0.00
2021-11-01 00:00:00;411200;web_1;5;5;0;0;0;0;0;0.00;0.00;0.00;
2021-12-01 00:00:00;411200;web_1;10;10;0;0;0;0;0;0.00;0.00;0.00;
2021-06-01 00:00:00;763883;google_ads;11;5;1;5;3;4;1;243.65;1.00;974.59;0.00
2021-08-01 00:00:00;763883;google_ads;7;7;0;0;0;0;0;0.00;0.00;0.00;
2021-07-01 00:00:00;763883;google_ads;10;10;0;0;0;0;0;0.00;0.00;0.00;
2021-09-01 00:00:00;763883;google_ads;7;7;0;0;0;0;0;0.00;0.00;0.00;
2021-11-01 00:00:00;472688;google_ads;19;9;1;9;4;16;4;250.93;3.00;4014.91;0.67
2021-12-01 00:00:00;472688;google_ads;9;8;0;1;1;4;1;216.50;1.00;866.00;0.00
2021-03-01 00:00:00;771876;web_2;4;4;0;0;0;0;0;0.00;0.00;0.00;
2021-06-01 00:00:00;771876;web_2;2;2;0;0;0;0;0;0.00;0.00;0.00;
2021-05-01 00:00:00;771876;web_2;10;10;0;0;0;0;0;0.00;0.00;0.00;
2021-04-01 00:00:00;771876;web_2;8;8;0;0;0;0;0;0.00;0.00;0.00;
2021-09-01 00:00:00;826844;google_ads;4;4;0;0;0;0;0;0.00;0.00;0.00;
2021-08-01 00:00:00;691726;web_3;2;2;0;0;0;0;0;0.00;0.00;0.00;
2021-09-01 00:00:00;691726;web_3;3;3;0;0;0;0;0;0.00;0.00;0.00;
2021-03-01 00:00:00;464909;web_3;1;1;0;0;0;0;0;0.00;0.00;0.00;
2021-02-01 00:00:00;464909;web_3;2;2;0;0;0;0;0;0.00;0.00;0.00;
2021-06-01 00:00:00;899775;web_3;5;5;0;0;0;0;0;0.00;0.00;0.00;
2021-08-01 00:00:00;899775;web_3;7;7;0;0;0;0;0;0.00;0.00;0.00;
2021-07-01 00:00:00;899775;web_3;7;7;0;0;0;0;0;0.00;0.00;0.00;
2021-09-01 00:00:00;899775;web_3;3;3;0;0;0;0;0;0.00;0.00;0.00;
2021-11-01 00:00:00;556377;web_2;4;4;0;0;0;0;0;0.00;0.00;0.00;
2021-10-01 00:00:00;556377;web_2;6;6;0;0;0;0;0;0.00;0.00;0.00;
2021-11-01 00:00:00;847689;web_1;1;1;0;0;0;0;0;0.00;0.00;0.00;
2021-12-01 00:00:00;847689;web_1;7;7;0;0;0;0;0;0.00;0.00;0.00;
2021-11-01 00:00:00;671860;google_ads;9;4;1;4;3;0;0;0.00;0.00;0.00;
2021-12-01 00:00:00;671860;google_ads;12;7;0;5;4;4;1;0.00;0.00;0.00;
2021-12-01 00:00:00;128573;web_1;5;5;0;0;0;0;0;0.00;0.00;0.00;
2021-03-01 00:00:00;742884;web_1;10;5;1;4;2;0;0;0.00;0.00;0.00;
2021-04-01 00:00:00;742884;web_1;8;4;0;4;3;4;1;236.83;1.00;947.33;0.00
2021-08-01 00:00:00;469764;google_ads;7;7;0;0;0;0;0;0.00;0.00;0.00;
2021-07-01 00:00:00;469764;google_ads;2;2;0;0;0;0;0;0.00;0.00;0.00;
2021-04-01 00:00:00;318880;google_ads;7;7;0;0;0;0;0;0.00;0.00;0.00;
2021-03-01 00:00:00;318880;google_ads;14;9;1;4;3;8;2;333.61;2.00;2668.84;0.00
2021-02-01 00:00:00;318880;google_ads;3;3;0;0;0;0;0;0.00;0.00;0.00;
2021-06-01 00:00:00;318880;google_ads;2;2;0;0;0;0;0;0.00;0.00;0.00;
2021-05-01 00:00:00;318880;google_ads;8;8;0;0;0;0;0;0.00;0.00;0.00;
2021-03-01 00:00:00;932184;web_2;8;8;0;0;0;0;0;0.00;0.00;0.00;
2021-02-01 00:00:00;932184;web_2;9;9;0;0;0;0;0;0.00;0.00;0.00;
2021-05-01 00:00:00;932184;web_2;2;2;0;0;0;0;0;0.00;0.00;0.00;
2021-04-01 00:00:00;932184;web_2;8;8;0;0;0;0;0;0.00;0.00;0.00;
2021-09-01 00:00:00;521395;google_ads;3;3;0;0;0;0;0;0.00;0.00;0.00;
2021-08-01 00:00:00;521395;google_ads;7;7;0;0;0;0;0;0.00;0.00;0.00;
2021-07-01 00:00:00;521395;google_ads;2;2;0;0;0;0;0;0.00;0.00;0.00;
2021-06-01 00:00:00;883457;google_ads;6;6;0;0;0;0;0;0.00;0.00;0.00;
2021-05-01 00:00:00;883457;google_ads;10;10;0;0;0;0;0;0.00;0.00;0.00;
2021-04-01 00:00:00;883457;google_ads;3;3;0;0;0;0;0;0.00;0.00;0.00;
2021-02-01 00:00:00;795651;web_3;6;6;0;0;0;0;0;0.00;0.00;0.00;
2021-06-01 00:00:00;592640;web_1;16;9;0;7;3;12;3;378.41;3.00;4540.89;0.00
2021-05-01 00:00:00;592640;web_1;4;2;1;1;1;0;0;0.00;0.00;0.00;
2021-07-01 00:00:00;592640;web_1;7;7;0;0;0;0;0;0.00;0.00;0.00;
2021-09-01 00:00:00;305607;web_3;7;7;0;0;0;0;0;0.00;0.00;0.00;
2021-08-01 00:00:00;305607;web_3;17;12;1;4;3;4;1;38.50;1.00;154.00;0.00
2021-11-01 00:00:00;305607;web_3;1;1;0;0;0;0;0;0.00;0.00;0.00;
2021-10-01 00:00:00;305607;web_3;7;7;0;0;0;0;0;0.00;0.00;0.00;
2021-01-01 00:00:00;100833;google_ads;5;5;0;0;0;0;0;0.00;0.00;0.00;
2021-05-01 00:00:00;444191;web_3;8;4;1;3;1;0;0;0.00;0.00;0.00;
2021-02-01 00:00:00;155687;google_ads;3;3;0;0;0;0;0;0.00;0.00;0.00;
2021-01-01 00:00:00;155687;google_ads;7;5;1;1;0;0;0;0.00;0.00;0.00;
2021-09-01 00:00:00;418629;google_ads;3;3;0;0;0;0;0;0.00;0.00;0.00;
2021-08-01 00:00:00;418629;google_ads;10;10;0;0;0;0;0;0.00;0.00;0.00;
2021-11-01 00:00:00;264826;web_3;10;10;0;0;0;0;0;0.00;0.00;0.00;
2021-10-01 00:00:00;264826;web_3;1;1;0;0;0;0;0;0.00;0.00;0.00;
2021-12-01 00:00:00;264826;web_3;3;3;0;0;0;0;0;0.00;0.00;0.00;
2021-11-01 00:00:00;153842;web_3;9;9;0;0;0;0;0;0.00;0.00;0.00;
2021-10-01 00:00:00;153842;web_3;7;7;0;0;0;0;0;0.00;0.00;0.00;
2021-12-01 00:00:00;153842;web_3;9;9;0;0;0;0;0;0.00;0.00;0.00;
2021-06-01 00:00:00;840647;google_ads;7;7;0;0;0;0;0;0.00;0.00;0.00;
2021-05-01 00:00:00;840647;google_ads;2;2;0;0;0;0;0;0.00;0.00;0.00;
2021-07-01 00:00:00;840647;google_ads;1;1;0;0;0;0;0;0.00;0.00;0.00;
2021-03-01 00:00:00;451502;web_3;2;2;0;0;0;0;0;0.00;0.00;0.00;
2021-02-01 00:00:00;639341;web_3;3;3;0;0;0;0;0;0.00;0.00;0.00;
2021-06-01 00:00:00;268775;google_ads;4;4;0;0;0;0;0;0.00;0.00;0.00;
2021-09-01 00:00:00;268775;google_ads;6;6;0;0;0;0;0;0.00;0.00;0.00;
2021-08-01 00:00:00;268775;google_ads;8;8;0;0;0;0;0;0.00;0.00;0.00;
2021-07-01 00:00:00;268775;google_ads;8;8;0;0;0;0;0;0.00;0.00;0.00;
2021-06-01 00:00:00;460320;web_1;3;3;0;0;0;0;0;0.00;0.00;0.00;
2021-07-01 00:00:00;460320;web_1;8;8;0;0;0;0;0;0.00;0.00;0.00;
2021-12-01 00:00:00;672986;google_ads;13;8;1;4;2;8;2;505.68;2.00;4045.42;0.00
2021-10-01 00:00:00;699221;web_3;10;6;0;4;1;4;1;0.00;0.00;0.00;
2021-09-01 00:00:00;699221;web_3;11;5;1;5;2;8;2;139.47;1.00;1115.79;0.72
2021-08-01 00:00:00;689331;web_1;8;8;0;0;0;0;0;0.00;0.00;0.00;
2021-07-01 00:00:00;689331;web_1;3;3;0;0;0;0;0;0.00;0.00;0.00;
2021-09-01 00:00:00;689331;web_1;7;7;0;0;0;0;0;0.00;0.00;0.00;
2021-06-01 00:00:00;741774;web_2;5;5;0;0;0;0;0;0.00;0.00;0.00;
2021-08-01 00:00:00;741774;web_2;5;5;0;0;0;0;0;0.00;0.00;0.00;
2021-07-01 00:00:00;741774;web_2;7;7;0;0;0;0;0;0.00;0.00;0.00;
2021-12-01 00:00:00;848150;web_3;16;8;1;7;5;4;1;566.19;1.00;2264.75;0.00
2021-03-01 00:00:00;521864;web_1;10;4;0;6;4;16;4;30.27;1.00;484.27;10.68
2021-02-01 00:00:00;521864;web_1;12;7;1;4;2;0;0;0.00;0.00;0.00;
2021-06-01 00:00:00;640125;web_3;19;10;1;8;4;16;4;481.53;4.00;7704.42;0.00
2021-08-01 00:00:00;640125;web_3;4;4;0;0;0;0;0;0.00;0.00;0.00;
2021-07-01 00:00:00;640125;web_3;7;7;0;0;0;0;0;0.00;0.00;0.00;
2021-11-01 00:00:00;175259;web_3;7;4;1;2;1;4;1;100.61;1.00;402.44;0.00
2021-12-01 00:00:00;175259;web_3;11;6;0;5;4;4;1;743.99;1.00;2975.97;0.00
2021-02-01 00:00:00;202676;web_1;3;0;0;3;1;4;1;366.72;1.00;1466.87;0.00
2021-01-01 00:00:00;202676;web_1;3;2;1;0;0;0;0;0.00;0.00;0.00;
2021-10-01 00:00:00;192997;web_2;9;9;0;0;0;0;0;0.00;0.00;0.00;
2021-12-01 00:00:00;608336;google_ads;11;6;1;4;1;0;0;0.00;0.00;0.00;
2021-03-01 00:00:00;578308;web_3;10;10;0;0;0;0;0;0.00;0.00;0.00;
2021-02-01 00:00:00;578308;web_3;9;5;1;3;2;8;2;470.76;2.00;3766.09;0.00
2021-06-01 00:00:00;578308;web_3;1;1;0;0;0;0;0;0.00;0.00;0.00;
2021-05-01 00:00:00;578308;web_3;9;9;0;0;0;0;0;0.00;0.00;0.00;
2021-04-01 00:00:00;578308;web_3;5;5;0;0;0;0;0;0.00;0.00;0.00;
2021-03-01 00:00:00;659225;web_2;7;3;1;3;0;0;0;0.00;0.00;0.00;
2021-04-01 00:00:00;659225;web_2;5;0;0;5;0;0;0;0.00;0.00;0.00;
2021-06-01 00:00:00;260982;web_3;3;3;0;0;0;0;0;0.00;0.00;0.00;
2021-09-01 00:00:00;260982;web_3;2;2;0;0;0;0;0;0.00;0.00;0.00;
2021-08-01 00:00:00;260982;web_3;9;9;0;0;0;0;0;0.00;0.00;0.00;
2021-07-01 00:00:00;260982;web_3;10;10;0;0;0;0;0;0.00;0.00;0.00;
2021-11-01 00:00:00;871172;google_ads;3;2;1;0;0;0;0;0.00;0.00;0.00;
2021-12-01 00:00:00;871172;google_ads;20;14;0;6;5;12;3;369.34;3.00;4432.09;0.00
2021-03-01 00:00:00;763543;web_3;8;8;0;0;0;0;0;0.00;0.00;0.00;
2021-02-01 00:00:00;763543;web_3;9;9;0;0;0;0;0;0.00;0.00;0.00;
2021-01-01 00:00:00;763543;web_3;2;2;0;0;0;0;0;0.00;0.00;0.00;
2021-04-01 00:00:00;763543;web_3;3;3;0;0;0;0;0;0.00;0.00;0.00;
2021-04-01 00:00:00;433147;web_1;6;6;0;0;0;0;0;0.00;0.00;0.00;
2021-03-01 00:00:00;433147;web_1;12;10;0;2;2;4;1;431.24;1.00;1724.97;0.00
2021-02-01 00:00:00;433147;web_1;7;4;1;2;2;0;0;0.00;0.00;0.00;
2021-05-01 00:00:00;433147;web_1;8;8;0;0;0;0;0;0.00;0.00;0.00;
2021-11-01 00:00:00;222109;web_3;8;8;0;0;0;0;0;0.00;0.00;0.00;
2021-10-01 00:00:00;222109;web_3;3;3;0;0;0;0;0;0.00;0.00;0.00;
2021-12-01 00:00:00;222109;web_3;9;9;0;0;0;0;0;0.00;0.00;0.00;
2021-04-01 00:00:00;354765;web_2;15;7;1;7;5;4;1;98.16;1.00;392.64;0.00
2021-03-01 00:00:00;354765;web_2;1;1;0;0;0;0;0;0.00;0.00;0.00;
2021-06-01 00:00:00;354765;web_2;9;9;0;0;0;0;0;0.00;0.00;0.00;
2021-05-01 00:00:00;354765;web_2;7;6;0;1;1;0;0;0.00;0.00;0.00;
2021-07-01 00:00:00;354765;web_2;5;5;0;0;0;0;0;0.00;0.00;0.00;
2021-11-01 00:00:00;502656;web_2;7;7;0;0;0;0;0;0.00;0.00;0.00;
2021-12-01 00:00:00;502656;web_2;6;6;0;0;0;0;0;0.00;0.00;0.00;
2021-11-01 00:00:00;551355;web_1;10;6;1;3;2;0;0;0.00;0.00;0.00;
2021-12-01 00:00:00;551355;web_1;15;8;0;7;5;8;2;190.32;1.00;1522.56;0.28
2021-12-01 00:00:00;738511;web_3;5;3;1;1;1;4;1;369.08;1.00;1476.30;0.00
2021-06-01 00:00:00;234033;web_3;13;6;0;7;3;8;2;293.80;2.00;2350.41;0.00
2021-05-01 00:00:00;234033;web_3;8;5;1;2;2;0;0;0.00;0.00;0.00;
2021-07-01 00:00:00;234033;web_3;8;8;0;0;0;0;0;0.00;0.00;0.00;
2021-09-01 00:00:00;556213;web_1;8;8;0;0;0;0;0;0.00;0.00;0.00;
2021-08-01 00:00:00;556213;web_1;6;6;0;0;0;0;0;0.00;0.00;0.00;
2021-10-01 00:00:00;556213;web_1;6;6;0;0;0;0;0;0.00;0.00;0.00;
2021-04-01 00:00:00;448085;web_2;7;7;0;0;0;0;0;0.00;0.00;0.00;
2021-03-01 00:00:00;448085;web_2;8;8;0;0;0;0;0;0.00;0.00;0.00;
2021-02-01 00:00:00;448085;web_2;8;8;0;0;0;0;0;0.00;0.00;0.00;
2021-03-01 00:00:00;799523;web_2;10;10;0;0;0;0;0;0.00;0.00;0.00;
2021-02-01 00:00:00;799523;web_2;3;3;0;0;0;0;0;0.00;0.00;0.00;
2021-06-01 00:00:00;799523;web_2;1;1;0;0;0;0;0;0.00;0.00;0.00;
2021-05-01 00:00:00;799523;web_2;9;9;0;0;0;0;0;0.00;0.00;0.00;
2021-04-01 00:00:00;799523;web_2;7;7;0;0;0;0;0;0.00;0.00;0.00;
2021-09-01 00:00:00;434693;web_2;6;6;0;0;0;0;0;0.00;0.00;0.00;
2021-11-01 00:00:00;434693;web_2;9;9;0;0;0;0;0;0.00;0.00;0.00;
2021-10-01 00:00:00;434693;web_2;10;10;0;0;0;0;0;0.00;0.00;0.00;
2021-12-01 00:00:00;434693;web_2;1;1;0;0;0;0;0;0.00;0.00;0.00;
2021-03-01 00:00:00;633174;web_3;10;2;1;7;1;12;3;404.08;3.00;4848.90;0.00
2021-02-01 00:00:00;633174;web_3;1;1;0;0;0;0;0;0.00;0.00;0.00;
2021-11-01 00:00:00;819717;web_2;8;8;0;0;0;0;0;0.00;0.00;0.00;
2021-10-01 00:00:00;819717;web_2;11;7;1;3;3;4;1;191.57;1.00;766.27;0.00
2021-12-01 00:00:00;819717;web_2;8;8;0;0;0;0;0;0.00;0.00;0.00;
2021-11-01 00:00:00;331275;web_3;12;7;1;4;2;8;2;315.50;1.00;2523.96;0.64
2021-10-01 00:00:00;331275;web_3;1;1;0;0;0;0;0;0.00;0.00;0.00;
2021-03-01 00:00:00;685833;web_3;1;1;0;0;0;0;0;0.00;0.00;0.00;
2021-02-01 00:00:00;685833;web_3;7;7;0;0;0;0;0;0.00;0.00;0.00;
2021-01-01 00:00:00;685833;web_3;10;10;0;0;0;0;0;0.00;0.00;0.00;
2021-09-01 00:00:00;306316;web_1;14;6;0;8;4;20;5;162.26;4.00;3245.14;0.56
2021-08-01 00:00:00;306316;web_1;6;5;1;0;0;0;0;0.00;0.00;0.00;
2021-11-01 00:00:00;306316;web_1;6;6;0;0;0;0;0;0.00;0.00;0.00;
2021-10-01 00:00:00;306316;web_1;15;13;0;2;2;8;2;700.61;2.00;5604.87;0.00
2021-09-01 00:00:00;477098;web_3;7;7;0;0;0;0;0;0.00;0.00;0.00;
2021-08-01 00:00:00;477098;web_3;18;10;1;7;6;4;1;0.00;0.00;0.00;
2021-03-01 00:00:00;855728;web_1;12;12;0;0;0;0;0;0.00;0.00;0.00;
2021-02-01 00:00:00;855728;web_1;10;10;0;0;0;0;0;0.00;0.00;0.00;
2021-01-01 00:00:00;855728;web_1;3;3;0;0;0;0;0;0.00;0.00;0.00;
2021-09-01 00:00:00;375531;web_1;8;8;0;0;0;0;0;0.00;0.00;0.00;
2021-08-01 00:00:00;375531;web_1;1;1;0;0;0;0;0;0.00;0.00;0.00;
2021-10-01 00:00:00;375531;web_1;1;1;0;0;0;0;0;0.00;0.00;0.00;
2021-08-01 00:00:00;781970;web_3;6;6;0;0;0;0;0;0.00;0.00;0.00;
2021-11-01 00:00:00;781970;web_3;9;9;0;0;0;0;0;0.00;0.00;0.00;
2021-10-01 00:00:00;781970;web_3;8;8;0;0;0;0;0;0.00;0.00;0.00;
2021-09-01 00:00:00;781970;web_3;6;6;0;0;0;0;0;0.00;0.00;0.00;
2021-12-01 00:00:00;781970;web_3;1;1;0;0;0;0;0;0.00;0.00;0.00;
2021-11-01 00:00:00;633672;web_1;8;8;0;0;0;0;0;0.00;0.00;0.00;
2021-10-01 00:00:00;633672;web_1;4;4;0;0;0;0;0;0.00;0.00;0.00;
2021-12-01 00:00:00;633672;web_1;7;7;0;0;0;0;0;0.00;0.00;0.00;
2021-03-01 00:00:00;902916;web_1;1;1;0;0;0;0;0;0.00;0.00;0.00;
2021-02-01 00:00:00;902916;web_1;8;8;0;0;0;0;0;0.00;0.00;0.00;
2021-09-01 00:00:00;418541;google_ads;7;7;0;0;0;0;0;0.00;0.00;0.00;
2021-08-01 00:00:00;418541;google_ads;11;6;1;4;3;8;2;232.45;2.00;1859.60;0.00
2021-07-01 00:00:00;143737;google_ads;6;6;0;0;0;0;0;0.00;0.00;0.00;
2021-08-01 00:00:00;143737;google_ads;11;11;0;0;0;0;0;0.00;0.00;0.00;
2021-09-01 00:00:00;613881;web_2;10;10;0;0;0;0;0;0.00;0.00;0.00;
2021-08-01 00:00:00;613881;web_2;2;2;0;0;0;0;0;0.00;0.00;0.00;
2021-11-01 00:00:00;613881;web_2;3;3;0;0;0;0;0;0.00;0.00;0.00;
2021-10-01 00:00:00;613881;web_2;12;12;0;0;0;0;0;0.00;0.00;0.00;
2021-04-01 00:00:00;142383;google_ads;8;8;0;0;0;0;0;0.00;0.00;0.00;
2021-03-01 00:00:00;142383;google_ads;12;7;1;4;4;8;2;254.96;1.00;2039.68;1.42
2021-05-01 00:00:00;142383;google_ads;6;6;0;0;0;0;0;0.00;0.00;0.00;
2021-08-01 00:00:00;760628;web_1;14;8;1;5;3;8;2;381.79;2.00;3054.33;0.00
2021-09-01 00:00:00;760628;web_1;10;10;0;0;0;0;0;0.00;0.00;0.00;
