hitdatetime;action;clientid;payment_amount
2021-10-02 19:16:27;open-paystation;930950;0
2021-10-02 19:19:48;choose-method;930950;0
2021-10-02 19:21:38;accept-method;930950;0
2021-10-02 19:24:56;make-payment;930950;947.86
2021-10-08 13:06:54;open-paystation;930950;0
2021-10-08 13:11:40;choose-method;930950;0
2021-10-08 13:13:19;accept-method;930950;0
2021-10-08 13:17:32;make-payment;930950;1019.25
2021-10-14 16:22:25;open-paystation;930950;0
2021-10-14 16:27:17;choose-method;930950;0
2021-10-14 16:29:41;accept-method;930950;0
2021-10-14 16:32:20;make-payment;930950;2913.32
2021-10-21 06:51:44;open-paystation;930950;0
2021-10-21 06:54:32;choose-method;930950;0
2021-10-21 06:57:26;accept-method;930950;0
2021-10-21 07:00:02;make-payment;930950;2433.91
2021-11-01 22:39:06;open-paystation;930950;0
2021-11-01 22:42:41;choose-method;930950;0
2021-11-01 22:45:34;accept-method;930950;0
2021-11-01 22:49:58;reject-payment;930950;830.98
2021-11-20 01:21:18;open-paystation;930950;0
2021-11-20 01:24:22;choose-method;930950;0
2021-11-20 01:26:11;accept-method;930950;0
2021-11-20 01:28:14;make-payment;930950;2562.86
2021-10-10 20:00:57;open-paystation;933600;0
2021-10-10 20:05:41;choose-method;933600;0
2021-10-10 20:07:44;accept-method;933600;0
2021-10-10 20:11:34;make-payment;933600;2379.23
2021-12-15 11:44:19;open-paystation;607473;0
2021-12-15 11:49:15;choose-method;607473;0
2021-12-15 11:51:59;accept-method;607473;0
2021-12-15 11:53:35;reject-payment;607473;1231.01
2021-12-29 11:01:06;open-paystation;607473;0
2021-12-29 11:04:55;choose-method;607473;0
2021-12-29 11:06:30;accept-method;607473;0
2021-12-29 11:08:45;make-payment;607473;557.41
2021-12-28 12:02:39;open-paystation;454218;0
2021-12-28 12:05:20;choose-method;454218;0
2021-12-28 12:07:40;accept-method;454218;0
2021-12-28 12:10:26;reject-payment;454218;1395.22
2022-01-05 05:32:56;open-paystation;454218;0
2022-01-05 05:37:25;choose-method;454218;0
2022-01-05 05:39:23;accept-method;454218;0
2022-01-05 05:41:14;make-payment;454218;2238.24
2022-01-04 21:15:05;open-paystation;347062;0
2022-01-04 21:19:49;choose-method;347062;0
2022-01-04 21:21:51;accept-method;347062;0
2022-01-04 21:25:43;reject-payment;347062;2285.86
2022-01-09 17:23:21;open-paystation;347062;0
2022-01-09 17:26:04;choose-method;347062;0
2022-01-09 17:27:08;accept-method;347062;0
2022-01-09 17:29:07;make-payment;347062;2697.90
2022-01-14 18:11:59;open-paystation;347062;0
2022-01-14 18:16:16;choose-method;347062;0
2022-01-14 18:17:46;accept-method;347062;0
2022-01-14 18:21:23;make-payment;347062;221.34
2021-06-07 02:15:42;open-paystation;601136;0
2021-06-07 02:20:04;choose-method;601136;0
2021-06-07 02:22:05;accept-method;601136;0
2021-06-07 02:26:51;reject-payment;601136;420.75
2021-03-23 01:14:47;open-paystation;123878;0
2021-03-23 01:18:55;choose-method;123878;0
2021-03-23 01:20:42;accept-method;123878;0
2021-03-23 01:22:30;reject-payment;123878;1025.64
2022-01-13 02:23:30;open-paystation;214662;0
2022-01-13 02:27:49;choose-method;214662;0
2022-01-13 02:29:41;accept-method;214662;0
2022-01-13 02:30:44;make-payment;214662;2430.81
2021-04-13 03:48:16;open-paystation;233508;0
2021-04-13 03:50:34;choose-method;233508;0
2021-04-13 03:52:25;accept-method;233508;0
2021-04-13 03:55:38;make-payment;233508;1753.89
2021-03-21 21:06:05;open-paystation;101838;0
2021-03-21 21:10:56;choose-method;101838;0
2021-03-21 21:12:05;accept-method;101838;0
2021-03-21 21:16:22;reject-payment;101838;2361.66
2021-04-07 17:11:34;open-paystation;255008;0
2021-04-07 17:14:39;choose-method;255008;0
2021-04-07 17:16:47;accept-method;255008;0
2021-04-07 17:19:53;make-payment;255008;1120.26
2021-04-09 07:29:33;open-paystation;255008;0
2021-04-09 07:34:02;choose-method;255008;0
2021-04-09 07:36:47;accept-method;255008;0
2021-04-09 07:40:31;reject-payment;255008;2425.72
2021-04-21 09:30:03;open-paystation;255008;0
2021-04-21 09:35:01;choose-method;255008;0
2021-04-21 09:37:28;accept-method;255008;0
2021-04-21 09:42:18;make-payment;255008;248.27
2021-04-25 01:20:16;open-paystation;255008;0
2021-04-25 01:24:06;choose-method;255008;0
2021-04-25 01:25:40;accept-method;255008;0
2021-04-25 01:27:15;make-payment;255008;2303.49
2021-12-03 22:24:26;open-paystation;532504;0
2021-12-03 22:29:00;choose-method;532504;0
2021-12-03 22:30:47;accept-method;532504;0
2021-12-03 22:34:59;make-payment;532504;785.05
2021-05-23 16:44:04;open-paystation;581436;0
2021-05-23 16:48:35;choose-method;581436;0
2021-05-23 16:50:06;accept-method;581436;0
2021-05-23 16:52:24;make-payment;581436;1048.30
2021-08-26 21:31:03;open-paystation;501119;0
2021-08-26 21:33:42;choose-method;501119;0
2021-08-26 21:36:15;accept-method;501119;0
2021-08-26 21:39:27;reject-payment;501119;2762.49
2021-12-10 11:13:20;open-paystation;924537;0
2021-12-10 11:18:07;choose-method;924537;0
2021-12-10 11:20:00;accept-method;924537;0
2021-12-10 11:23:13;reject-payment;924537;1675.93
2021-12-28 15:27:29;open-paystation;924537;0
2021-12-28 15:32:04;choose-method;924537;0
2021-12-28 15:33:54;accept-method;924537;0
2021-12-28 15:35:11;make-payment;924537;745.36
2021-03-26 20:17:11;open-paystation;614024;0
2021-03-26 20:20:25;choose-method;614024;0
2021-03-26 20:23:07;accept-method;614024;0
2021-03-26 20:27:23;reject-payment;614024;2238.48
2021-06-29 15:48:39;open-paystation;548379;0
2021-06-29 15:52:54;choose-method;548379;0
2021-06-29 15:55:07;accept-method;548379;0
2021-06-29 15:59:31;reject-payment;548379;2945.02
2021-07-05 17:42:27;open-paystation;548379;0
2021-07-05 17:47:24;choose-method;548379;0
2021-07-05 17:48:29;accept-method;548379;0
2021-07-05 17:51:05;make-payment;548379;366.23
2021-02-09 13:14:57;open-paystation;610577;0
2021-02-09 13:19:49;choose-method;610577;0
2021-02-09 13:21:48;accept-method;610577;0
2021-02-09 13:24:39;make-payment;610577;2742.18
2021-09-11 08:27:52;open-paystation;541125;0
2021-09-11 08:30:45;choose-method;541125;0
2021-09-11 08:31:56;accept-method;541125;0
2021-09-11 08:33:49;reject-payment;541125;2701.63
2021-09-23 07:04:12;open-paystation;541125;0
2021-09-23 07:07:35;choose-method;541125;0
2021-09-23 07:09:47;accept-method;541125;0
2021-09-23 07:14:12;make-payment;541125;1359.97
2021-09-15 07:27:00;open-paystation;380741;0
2021-09-15 07:31:06;choose-method;380741;0
2021-09-15 07:34:02;accept-method;380741;0
2021-09-15 07:38:07;make-payment;380741;685.20
2021-11-08 23:37:43;open-paystation;103716;0
2021-11-08 23:42:10;choose-method;103716;0
2021-11-08 23:43:55;accept-method;103716;0
2021-11-08 23:47:02;make-payment;103716;883.79
2021-06-09 00:45:09;open-paystation;359953;0
2021-06-09 00:49:11;choose-method;359953;0
2021-06-09 00:51:53;accept-method;359953;0
2021-06-09 00:55:52;make-payment;359953;799.01
2021-06-27 08:33:21;open-paystation;359953;0
2021-06-27 08:35:36;choose-method;359953;0
2021-06-27 08:37:46;accept-method;359953;0
2021-06-27 08:40:03;reject-payment;359953;1831.07
2021-07-07 11:24:18;open-paystation;359953;0
2021-07-07 11:29:17;choose-method;359953;0
2021-07-07 11:30:38;accept-method;359953;0
2021-07-07 11:34:35;reject-payment;359953;2727.16
2021-07-10 08:16:03;open-paystation;359953;0
2021-07-10 08:18:27;choose-method;359953;0
2021-07-10 08:21:10;accept-method;359953;0
2021-07-10 08:22:33;make-payment;359953;2287.15
2021-01-19 04:56:08;open-paystation;269083;0
2021-01-19 04:59:55;choose-method;269083;0
2021-01-19 05:02:05;accept-method;269083;0
2021-01-19 05:06:16;make-payment;269083;1529.47
2021-02-04 16:45:40;open-paystation;269083;0
2021-02-04 16:50:32;choose-method;269083;0
2021-02-04 16:53:18;accept-method;269083;0
2021-02-04 16:56:16;make-payment;269083;423.23
2021-11-10 06:12:29;open-paystation;415242;0
2021-11-10 06:14:56;choose-method;415242;0
2021-11-10 06:17:33;accept-method;415242;0
2021-11-10 06:18:59;reject-payment;415242;1219.28
2021-11-12 22:23:25;open-paystation;415242;0
2021-11-12 22:25:51;choose-method;415242;0
2021-11-12 22:27:54;accept-method;415242;0
2021-11-12 22:29:24;make-payment;415242;671.04
2021-10-08 20:24:20;open-paystation;245266;0
2021-10-08 20:28:43;choose-method;245266;0
2021-10-08 20:30:16;accept-method;245266;0
2021-10-08 20:31:34;make-payment;245266;2883.27
2021-10-17 12:36:47;open-paystation;245266;0
2021-10-17 12:39:26;choose-method;245266;0
2021-10-17 12:41:47;accept-method;245266;0
2021-10-17 12:43:56;make-payment;245266;1867.02
2021-07-02 00:50:27;open-paystation;846159;0
2021-07-02 00:53:41;choose-method;846159;0
2021-07-02 00:55:31;accept-method;846159;0
2021-07-02 00:57:34;make-payment;846159;728.53
2021-07-02 16:48:43;open-paystation;846159;0
2021-07-02 16:50:49;choose-method;846159;0
2021-07-02 16:53:14;accept-method;846159;0
2021-07-02 16:55:18;make-payment;846159;1814.05
2021-08-27 05:44:34;open-paystation;348471;0
2021-08-27 05:48:38;choose-method;348471;0
2021-08-27 05:51:28;accept-method;348471;0
2021-08-27 05:56:23;reject-payment;348471;1093.19
2021-09-02 06:40:37;open-paystation;348471;0
2021-09-02 06:44:51;choose-method;348471;0
2021-09-02 06:46:40;accept-method;348471;0
2021-09-02 06:48:47;make-payment;348471;1377.93
2021-09-06 03:15:24;open-paystation;348471;0
2021-09-06 03:19:22;choose-method;348471;0
2021-09-06 03:20:56;accept-method;348471;0
2021-09-06 03:23:48;make-payment;348471;1503.50
2021-09-16 03:14:02;open-paystation;348471;0
2021-09-16 03:16:46;choose-method;348471;0
2021-09-16 03:18:04;accept-method;348471;0
2021-09-16 03:20:17;make-payment;348471;2541.61
2021-09-28 11:45:30;open-paystation;348471;0
2021-09-28 11:49:57;choose-method;348471;0
2021-09-28 11:51:01;accept-method;348471;0
2021-09-28 11:54:10;make-payment;348471;1817.35
2021-02-23 12:26:01;open-paystation;694592;0
2021-02-23 12:28:28;choose-method;694592;0
2021-02-23 12:30:24;accept-method;694592;0
2021-02-23 12:35:20;reject-payment;694592;1907.78
2021-03-02 11:18:46;open-paystation;694592;0
2021-03-02 11:23:28;choose-method;694592;0
2021-03-02 11:26:13;accept-method;694592;0
2021-03-02 11:30:36;make-payment;694592;142.13
2021-06-07 01:57:17;open-paystation;940045;0
2021-06-07 02:00:04;choose-method;940045;0
2021-06-07 02:02:48;accept-method;940045;0
2021-06-07 02:06:30;make-payment;940045;2685.57
2021-06-24 20:16:05;open-paystation;577511;0
2021-06-24 20:20:07;choose-method;577511;0
2021-06-24 20:21:16;accept-method;577511;0
2021-06-24 20:23:24;make-payment;577511;1111.86
2021-12-10 17:49:16;open-paystation;788205;0
2021-12-10 17:52:01;choose-method;788205;0
2021-12-10 17:53:42;accept-method;788205;0
2021-12-10 17:57:53;make-payment;788205;1302.89
2021-01-18 08:07:50;open-paystation;260135;0
2021-01-18 08:11:18;choose-method;260135;0
2021-01-18 08:13:03;accept-method;260135;0
2021-01-18 08:15:10;make-payment;260135;1814.02
2021-01-22 07:15:38;open-paystation;260135;0
2021-01-22 07:20:33;choose-method;260135;0
2021-01-22 07:21:35;accept-method;260135;0
2021-01-22 07:25:11;reject-payment;260135;228.19
2021-01-26 07:45:22;open-paystation;260135;0
2021-01-26 07:48:36;choose-method;260135;0
2021-01-26 07:50:14;accept-method;260135;0
2021-01-26 07:52:00;make-payment;260135;2660.31
2021-02-19 09:22:19;open-paystation;260135;0
2021-02-19 09:26:06;choose-method;260135;0
2021-02-19 09:28:07;accept-method;260135;0
2021-02-19 09:29:44;make-payment;260135;2350.77
2021-02-23 03:08:09;open-paystation;260135;0
2021-02-23 03:10:26;choose-method;260135;0
2021-02-23 03:12:03;accept-method;260135;0
2021-02-23 03:15:45;make-payment;260135;190.07
2021-05-09 22:10:45;open-paystation;374356;0
2021-05-09 22:13:55;choose-method;374356;0
2021-05-09 22:15:54;accept-method;374356;0
2021-05-09 22:20:37;make-payment;374356;784.48
2022-01-02 00:43:32;open-paystation;456804;0
2022-01-02 00:48:31;choose-method;456804;0
2022-01-02 00:51:06;accept-method;456804;0
2022-01-02 00:52:34;reject-payment;456804;1983.27
2022-01-11 07:16:15;open-paystation;456804;0
2022-01-11 07:20:43;choose-method;456804;0
2022-01-11 07:23:37;accept-method;456804;0
2022-01-11 07:26:04;reject-payment;456804;167.68
2022-01-15 08:40:05;open-paystation;456804;0
2022-01-15 08:42:57;choose-method;456804;0
2022-01-15 08:44:21;accept-method;456804;0
2022-01-15 08:47:44;make-payment;456804;1738.71
2022-01-27 05:05:14;open-paystation;456804;0
2022-01-27 05:07:18;choose-method;456804;0
2022-01-27 05:08:32;accept-method;456804;0
2022-01-27 05:12:24;reject-payment;456804;848.84
2021-11-27 18:32:07;open-paystation;524016;0
2021-11-27 18:35:39;choose-method;524016;0
2021-11-27 18:37:17;accept-method;524016;0
2021-11-27 18:38:50;make-payment;524016;783.26
2021-08-26 01:13:39;open-paystation;553628;0
2021-08-26 01:15:52;choose-method;553628;0
2021-08-26 01:17:09;accept-method;553628;0
2021-08-26 01:19:27;make-payment;553628;1539.83
2021-08-30 06:47:02;open-paystation;553628;0
2021-08-30 06:51:34;choose-method;553628;0
2021-08-30 06:53:52;accept-method;553628;0
2021-08-30 06:57:57;make-payment;553628;2589.90
2021-09-07 20:17:11;open-paystation;553628;0
2021-09-07 20:21:28;choose-method;553628;0
2021-09-07 20:22:47;accept-method;553628;0
2021-09-07 20:26:01;make-payment;553628;1920.21
2021-09-14 20:27:32;open-paystation;553628;0
2021-09-14 20:31:50;choose-method;553628;0
2021-09-14 20:34:39;accept-method;553628;0
2021-09-14 20:38:15;make-payment;553628;2156.66
2021-03-11 00:44:59;open-paystation;704287;0
2021-03-11 00:49:26;choose-method;704287;0
2021-03-11 00:51:46;accept-method;704287;0
2021-03-11 00:54:15;make-payment;704287;1389.81
2021-03-15 05:20:35;open-paystation;704287;0
2021-03-15 05:23:15;choose-method;704287;0
2021-03-15 05:26:13;accept-method;704287;0
2021-03-15 05:28:26;reject-payment;704287;2805.46
2021-05-27 20:20:42;open-paystation;871406;0
2021-05-27 20:24:55;choose-method;871406;0
2021-05-27 20:27:03;accept-method;871406;0
2021-05-27 20:30:45;make-payment;871406;2522.47
2021-06-01 17:17:22;open-paystation;871406;0
2021-06-01 17:19:46;choose-method;871406;0
2021-06-01 17:20:56;accept-method;871406;0
2021-06-01 17:23:54;make-payment;871406;995.36
2021-01-25 15:58:22;open-paystation;898039;0
2021-01-25 16:02:55;choose-method;898039;0
2021-01-25 16:05:23;accept-method;898039;0
2021-01-25 16:06:25;reject-payment;898039;2057.27
2021-12-27 07:20:41;open-paystation;336011;0
2021-12-27 07:25:06;choose-method;336011;0
2021-12-27 07:27:42;accept-method;336011;0
2021-12-27 07:30:19;make-payment;336011;787.61
2022-01-01 20:26:55;open-paystation;336011;0
2022-01-01 20:29:41;choose-method;336011;0
2022-01-01 20:30:43;accept-method;336011;0
2022-01-01 20:34:33;make-payment;336011;1931.15
2022-01-06 02:32:06;open-paystation;336011;0
2022-01-06 02:34:22;choose-method;336011;0
2022-01-06 02:36:11;accept-method;336011;0
2022-01-06 02:37:23;make-payment;336011;350.19
2021-08-27 01:47:53;open-paystation;955581;0
2021-08-27 01:51:38;choose-method;955581;0
2021-08-27 01:53:48;accept-method;955581;0
2021-08-27 01:57:41;make-payment;955581;2171.64
2021-08-29 10:40:39;open-paystation;955581;0
2021-08-29 10:44:10;choose-method;955581;0
2021-08-29 10:47:04;accept-method;955581;0
2021-08-29 10:51:09;make-payment;955581;2538.90
2021-09-02 04:20:17;open-paystation;955581;0
2021-09-02 04:24:15;choose-method;955581;0
2021-09-02 04:26:20;accept-method;955581;0
2021-09-02 04:30:52;make-payment;955581;2241.69
2021-09-12 23:36:46;open-paystation;955581;0
2021-09-12 23:39:23;choose-method;955581;0
2021-09-12 23:41:45;accept-method;955581;0
2021-09-12 23:45:54;reject-payment;955581;1072.67
2021-02-09 17:23:34;open-paystation;985971;0
2021-02-09 17:27:48;choose-method;985971;0
2021-02-09 17:30:07;accept-method;985971;0
2021-02-09 17:34:42;make-payment;985971;1244.76
2021-07-19 13:58:05;open-paystation;189902;0
2021-07-19 14:02:42;choose-method;189902;0
2021-07-19 14:05:39;accept-method;189902;0
2021-07-19 14:08:50;make-payment;189902;559.96
2021-08-01 22:08:56;open-paystation;189902;0
2021-08-01 22:13:25;choose-method;189902;0
2021-08-01 22:16:21;accept-method;189902;0
2021-08-01 22:19:03;make-payment;189902;2473.63
2021-08-10 18:09:29;open-paystation;189902;0
2021-08-10 18:13:22;choose-method;189902;0
2021-08-10 18:15:01;accept-method;189902;0
2021-08-10 18:16:17;make-payment;189902;2367.31
2021-08-14 16:57:34;open-paystation;189902;0
2021-08-14 17:02:25;choose-method;189902;0
2021-08-14 17:04:46;accept-method;189902;0
2021-08-14 17:06:40;make-payment;189902;498.15
2021-08-15 19:38:03;open-paystation;189902;0
2021-08-15 19:40:30;choose-method;189902;0
2021-08-15 19:43:02;accept-method;189902;0
2021-08-15 19:48:01;make-payment;189902;2742.29
2021-12-19 09:50:10;open-paystation;695618;0
2021-12-19 09:53:32;choose-method;695618;0
2021-12-19 09:55:29;accept-method;695618;0
2021-12-19 09:58:15;make-payment;695618;727.33
2021-12-26 07:15:15;open-paystation;695618;0
2021-12-26 07:20:01;choose-method;695618;0
2021-12-26 07:21:53;accept-method;695618;0
2021-12-26 07:25:32;make-payment;695618;2218.71
2022-01-05 15:17:13;open-paystation;695618;0
2022-01-05 15:19:44;choose-method;695618;0
2022-01-05 15:21:55;accept-method;695618;0
2022-01-05 15:25:33;reject-payment;695618;1753.20
2021-08-21 17:52:18;open-paystation;434079;0
2021-08-21 17:55:10;choose-method;434079;0
2021-08-21 17:56:21;accept-method;434079;0
2021-08-21 18:01:20;reject-payment;434079;2739.59
2021-08-28 07:59:30;open-paystation;434079;0
2021-08-28 08:03:28;choose-method;434079;0
2021-08-28 08:05:25;accept-method;434079;0
2021-08-28 08:09:48;make-payment;434079;2509.47
2021-09-01 01:15:15;open-paystation;434079;0
2021-09-01 01:19:33;choose-method;434079;0
2021-09-01 01:22:04;accept-method;434079;0
2021-09-01 01:23:25;reject-payment;434079;2461.43
2021-05-10 14:01:57;open-paystation;649690;0
2021-05-10 14:04:59;choose-method;649690;0
2021-05-10 14:07:32;accept-method;649690;0
2021-05-10 14:09:28;make-payment;649690;236.35
2021-07-03 23:00:07;open-paystation;852166;0
2021-07-03 23:04:04;choose-method;852166;0
2021-07-03 23:06:35;accept-method;852166;0
2021-07-03 23:09:20;make-payment;852166;1165.77
2021-07-13 22:56:42;open-paystation;852166;0
2021-07-13 22:59:06;choose-method;852166;0
2021-07-13 23:01:48;accept-method;852166;0
2021-07-13 23:04:23;make-payment;852166;576.75
2021-12-07 05:10:40;open-paystation;400445;0
2021-12-07 05:14:29;choose-method;400445;0
2021-12-07 05:15:30;accept-method;400445;0
2021-12-07 05:19:54;make-payment;400445;835.30
2021-12-11 18:08:14;open-paystation;400445;0
2021-12-11 18:11:47;choose-method;400445;0
2021-12-11 18:13:54;accept-method;400445;0
2021-12-11 18:18:24;make-payment;400445;2685.36
2021-12-16 05:32:41;open-paystation;774499;0
2021-12-16 05:35:06;choose-method;774499;0
2021-12-16 05:36:34;accept-method;774499;0
2021-12-16 05:41:09;make-payment;774499;1900.02
2021-12-27 16:55:53;open-paystation;762205;0
2021-12-27 16:59:34;choose-method;762205;0
2021-12-27 17:02:17;accept-method;762205;0
2021-12-27 17:07:03;reject-payment;762205;1692.14
2022-01-03 19:19:45;open-paystation;762205;0
2022-01-03 19:23:15;choose-method;762205;0
2022-01-03 19:25:47;accept-method;762205;0
2022-01-03 19:29:21;reject-payment;762205;2489.53
2021-05-19 09:09:30;open-paystation;427407;0
2021-05-19 09:12:41;choose-method;427407;0
2021-05-19 09:15:33;accept-method;427407;0
2021-05-19 09:17:01;make-payment;427407;1374.73
2021-05-21 21:28:08;open-paystation;199942;0
2021-05-21 21:30:21;choose-method;199942;0
2021-05-21 21:31:50;accept-method;199942;0
2021-05-21 21:36:22;make-payment;199942;1863.23
2021-06-01 02:38:47;open-paystation;199942;0
2021-06-01 02:41:38;choose-method;199942;0
2021-06-01 02:43:26;accept-method;199942;0
2021-06-01 02:45:32;make-payment;199942;1189.40
2021-05-29 10:46:03;open-paystation;767717;0
2021-05-29 10:50:38;choose-method;767717;0
2021-05-29 10:52:12;accept-method;767717;0
2021-05-29 10:54:24;make-payment;767717;1023.94
2021-06-03 15:08:22;open-paystation;767717;0
2021-06-03 15:13:04;choose-method;767717;0
2021-06-03 15:16:01;accept-method;767717;0
2021-06-03 15:20:15;make-payment;767717;528.98
2021-02-24 01:28:49;open-paystation;929329;0
2021-02-24 01:32:42;choose-method;929329;0
2021-02-24 01:35:32;accept-method;929329;0
2021-02-24 01:40:17;make-payment;929329;1839.25
2021-05-05 09:44:10;open-paystation;764352;0
2021-05-05 09:47:56;choose-method;764352;0
2021-05-05 09:49:59;accept-method;764352;0
2021-05-05 09:54:19;make-payment;764352;141.88
2021-05-14 03:52:24;open-paystation;764352;0
2021-05-14 03:54:40;choose-method;764352;0
2021-05-14 03:57:17;accept-method;764352;0
2021-05-14 03:58:48;make-payment;764352;2273.06
2021-05-17 06:33:33;open-paystation;764352;0
2021-05-17 06:36:06;choose-method;764352;0
2021-05-17 06:37:43;accept-method;764352;0
2021-05-17 06:39:25;make-payment;764352;114.82
2021-05-26 17:07:10;open-paystation;764352;0
2021-05-26 17:11:58;choose-method;764352;0
2021-05-26 17:13:26;accept-method;764352;0
2021-05-26 17:17:38;reject-payment;764352;2458.55
2021-05-27 23:28:27;open-paystation;764352;0
2021-05-27 23:32:23;choose-method;764352;0
2021-05-27 23:34:50;accept-method;764352;0
2021-05-27 23:38:49;make-payment;764352;1558.11
2021-05-14 00:16:51;open-paystation;129298;0
2021-05-14 00:20:31;choose-method;129298;0
2021-05-14 00:22:46;accept-method;129298;0
2021-05-14 00:26:36;reject-payment;129298;1456.19
2021-12-11 22:31:38;open-paystation;691925;0
2021-12-11 22:36:27;choose-method;691925;0
2021-12-11 22:38:02;accept-method;691925;0
2021-12-11 22:42:33;reject-payment;691925;1020.51
2021-11-14 12:28:41;open-paystation;593115;0
2021-11-14 12:31:21;choose-method;593115;0
2021-11-14 12:34:05;accept-method;593115;0
2021-11-14 12:36:37;make-payment;593115;784.23
2021-01-18 20:22:45;open-paystation;522354;0
2021-01-18 20:25:10;choose-method;522354;0
2021-01-18 20:26:18;accept-method;522354;0
2021-01-18 20:30:45;reject-payment;522354;498.11
2021-01-22 13:15:10;open-paystation;522354;0
2021-01-22 13:18:36;choose-method;522354;0
2021-01-22 13:19:49;accept-method;522354;0
2021-01-22 13:24:23;make-payment;522354;480.60
2021-01-26 05:25:59;open-paystation;522354;0
2021-01-26 05:29:02;choose-method;522354;0
2021-01-26 05:31:05;accept-method;522354;0
2021-01-26 05:35:28;make-payment;522354;1412.35
2021-10-14 16:48:19;open-paystation;392929;0
2021-10-14 16:50:23;choose-method;392929;0
2021-10-14 16:53:14;accept-method;392929;0
2021-10-14 16:55:01;make-payment;392929;2814.45
2021-10-18 10:14:59;open-paystation;392929;0
2021-10-18 10:18:47;choose-method;392929;0
2021-10-18 10:20:38;accept-method;392929;0
2021-10-18 10:25:19;make-payment;392929;1242.26
2021-10-27 20:22:39;open-paystation;392929;0
2021-10-27 20:24:54;choose-method;392929;0
2021-10-27 20:27:06;accept-method;392929;0
2021-10-27 20:28:41;make-payment;392929;1026.95
2021-05-23 19:05:45;open-paystation;132547;0
2021-05-23 19:08:50;choose-method;132547;0
2021-05-23 19:11:46;accept-method;132547;0
2021-05-23 19:14:02;reject-payment;132547;676.96
2021-02-08 12:09:50;open-paystation;428261;0
2021-02-08 12:14:33;choose-method;428261;0
2021-02-08 12:17:31;accept-method;428261;0
2021-02-08 12:22:14;make-payment;428261;1869.78
2021-12-17 15:39:56;open-paystation;369610;0
2021-12-17 15:43:14;choose-method;369610;0
2021-12-17 15:46:12;accept-method;369610;0
2021-12-17 15:47:27;make-payment;369610;2641.67
2021-12-18 06:45:47;open-paystation;369610;0
2021-12-18 06:49:54;choose-method;369610;0
2021-12-18 06:51:26;accept-method;369610;0
2021-12-18 06:55:55;make-payment;369610;2744.84
2021-08-06 20:01:53;open-paystation;347184;0
2021-08-06 20:06:39;choose-method;347184;0
2021-08-06 20:09:32;accept-method;347184;0
2021-08-06 20:13:04;reject-payment;347184;1316.21
2021-09-09 12:18:38;open-paystation;347184;0
2021-09-09 12:21:58;choose-method;347184;0
2021-09-09 12:24:44;accept-method;347184;0
2021-09-09 12:27:25;make-payment;347184;1691.49
2021-07-06 08:08:47;open-paystation;828527;0
2021-07-06 08:13:13;choose-method;828527;0
2021-07-06 08:15:28;accept-method;828527;0
2021-07-06 08:18:54;make-payment;828527;2849.57
2021-01-14 06:21:33;open-paystation;311479;0
2021-01-14 06:24:09;choose-method;311479;0
2021-01-14 06:25:50;accept-method;311479;0
2021-01-14 06:28:00;make-payment;311479;991.68
2021-01-03 21:34:27;open-paystation;220214;0
2021-01-03 21:37:10;choose-method;220214;0
2021-01-03 21:39:43;accept-method;220214;0
2021-01-03 21:43:27;make-payment;220214;1990.43
2021-01-29 19:12:39;open-paystation;719967;0
2021-01-29 19:14:42;choose-method;719967;0
2021-01-29 19:17:06;accept-method;719967;0
2021-01-29 19:21:38;reject-payment;719967;1158.26
2021-02-06 07:09:05;open-paystation;719967;0
2021-02-06 07:12:04;choose-method;719967;0
2021-02-06 07:13:31;accept-method;719967;0
2021-02-06 07:18:27;make-payment;719967;1312.92
2021-02-17 05:02:25;open-paystation;719967;0
2021-02-17 05:06:10;choose-method;719967;0
2021-02-17 05:07:13;accept-method;719967;0
2021-02-17 05:08:50;make-payment;719967;161.18
2021-02-22 15:12:26;open-paystation;719967;0
2021-02-22 15:14:41;choose-method;719967;0
2021-02-22 15:15:50;accept-method;719967;0
2021-02-22 15:17:34;make-payment;719967;145.75
2021-07-06 10:08:02;open-paystation;855837;0
2021-07-06 10:10:51;choose-method;855837;0
2021-07-06 10:12:01;accept-method;855837;0
2021-07-06 10:15:41;make-payment;855837;1430.26
2021-07-10 01:16:32;open-paystation;855837;0
2021-07-10 01:21:04;choose-method;855837;0
2021-07-10 01:22:51;accept-method;855837;0
2021-07-10 01:24:40;make-payment;855837;2678.14
2021-07-17 08:33:02;open-paystation;855837;0
2021-07-17 08:35:28;choose-method;855837;0
2021-07-17 08:38:19;accept-method;855837;0
2021-07-17 08:42:49;make-payment;855837;646.15
2021-07-29 23:04:41;open-paystation;855837;0
2021-07-29 23:09:04;choose-method;855837;0
2021-07-29 23:11:14;accept-method;855837;0
2021-07-29 23:16:06;make-payment;855837;2358.72
2021-02-25 21:28:47;open-paystation;222807;0
2021-02-25 21:31:18;choose-method;222807;0
2021-02-25 21:33:29;accept-method;222807;0
2021-02-25 21:35:20;make-payment;222807;2703.61
2021-03-03 19:32:15;open-paystation;222807;0
2021-03-03 19:36:23;choose-method;222807;0
2021-03-03 19:38:52;accept-method;222807;0
2021-03-03 19:40:18;reject-payment;222807;1912.44
2021-03-06 15:40:14;open-paystation;382643;0
2021-03-06 15:44:05;choose-method;382643;0
2021-03-06 15:46:32;accept-method;382643;0
2021-03-06 15:49:07;make-payment;382643;1091.44
2021-06-12 04:41:38;open-paystation;485368;0
2021-06-12 04:46:16;choose-method;485368;0
2021-06-12 04:48:56;accept-method;485368;0
2021-06-12 04:50:34;make-payment;485368;2349.32
2021-06-24 23:12:20;open-paystation;485368;0
2021-06-24 23:15:02;choose-method;485368;0
2021-06-24 23:17:56;accept-method;485368;0
2021-06-24 23:22:04;make-payment;485368;480.85
2021-06-26 23:48:11;open-paystation;485368;0
2021-06-26 23:51:32;choose-method;485368;0
2021-06-26 23:54:30;accept-method;485368;0
2021-06-26 23:58:36;make-payment;485368;433.22
2021-07-03 15:45:45;open-paystation;485368;0
2021-07-03 15:48:27;choose-method;485368;0
2021-07-03 15:51:04;accept-method;485368;0
2021-07-03 15:54:35;make-payment;485368;2057.08
2021-07-09 04:08:48;open-paystation;485368;0
2021-07-09 04:12:15;choose-method;485368;0
2021-07-09 04:13:30;accept-method;485368;0
2021-07-09 04:15:33;make-payment;485368;1114.42
2021-04-12 05:12:53;open-paystation;399420;0
2021-04-12 05:16:37;choose-method;399420;0
2021-04-12 05:18:52;accept-method;399420;0
2021-04-12 05:21:00;make-payment;399420;1778.42
2021-11-07 15:13:49;open-paystation;480905;0
2021-11-07 15:16:58;choose-method;480905;0
2021-11-07 15:18:13;accept-method;480905;0
2021-11-07 15:22:54;make-payment;480905;1352.26
2021-11-12 17:34:48;open-paystation;480905;0
2021-11-12 17:37:56;choose-method;480905;0
2021-11-12 17:39:48;accept-method;480905;0
2021-11-12 17:44:10;make-payment;480905;1850.86
2021-10-27 15:55:30;open-paystation;712702;0
2021-10-27 15:57:51;choose-method;712702;0
2021-10-27 16:00:46;accept-method;712702;0
2021-10-27 16:05:03;reject-payment;712702;2723.91
2021-11-03 04:20:59;open-paystation;712702;0
2021-11-03 04:24:24;choose-method;712702;0
2021-11-03 04:25:35;accept-method;712702;0
2021-11-03 04:28:19;make-payment;712702;480.88
2021-11-16 16:04:20;open-paystation;712702;0
2021-11-16 16:09:15;choose-method;712702;0
2021-11-16 16:11:56;accept-method;712702;0
2021-11-16 16:13:44;make-payment;712702;2734.87
2021-09-15 06:24:30;open-paystation;610936;0
2021-09-15 06:27:05;choose-method;610936;0
2021-09-15 06:28:30;accept-method;610936;0
2021-09-15 06:30:55;make-payment;610936;2415.54
2021-09-17 19:08:04;open-paystation;610936;0
2021-09-17 19:10:12;choose-method;610936;0
2021-09-17 19:12:58;accept-method;610936;0
2021-09-17 19:14:09;make-payment;610936;2080.15
2021-09-25 10:54:47;open-paystation;610936;0
2021-09-25 10:59:31;choose-method;610936;0
2021-09-25 11:01:24;accept-method;610936;0
2021-09-25 11:03:30;make-payment;610936;2458.79
2021-10-02 12:34:31;open-paystation;610936;0
2021-10-02 12:37:24;choose-method;610936;0
2021-10-02 12:39:18;accept-method;610936;0
2021-10-02 12:43:46;make-payment;610936;518.12
2021-12-15 11:18:48;open-paystation;712901;0
2021-12-15 11:23:27;choose-method;712901;0
2021-12-15 11:25:59;accept-method;712901;0
2021-12-15 11:29:02;reject-payment;712901;291.11
2021-02-23 16:58:05;open-paystation;263107;0
2021-02-23 17:00:28;choose-method;263107;0
2021-02-23 17:01:41;accept-method;263107;0
2021-02-23 17:06:18;reject-payment;263107;1072.91
2021-12-06 12:39:32;open-paystation;916524;0
2021-12-06 12:42:03;choose-method;916524;0
2021-12-06 12:44:41;accept-method;916524;0
2021-12-06 12:47:02;reject-payment;916524;1985.10
2021-05-08 05:16:09;open-paystation;893806;0
2021-05-08 05:19:32;choose-method;893806;0
2021-05-08 05:21:48;accept-method;893806;0
2021-05-08 05:23:42;make-payment;893806;2918.24
2021-05-10 22:13:23;open-paystation;893806;0
2021-05-10 22:15:41;choose-method;893806;0
2021-05-10 22:17:23;accept-method;893806;0
2021-05-10 22:20:43;make-payment;893806;1336.10
2021-08-10 02:35:01;open-paystation;128144;0
2021-08-10 02:37:25;choose-method;128144;0
2021-08-10 02:40:10;accept-method;128144;0
2021-08-10 02:42:08;make-payment;128144;2100.62
2021-08-19 20:11:47;open-paystation;128144;0
2021-08-19 20:14:46;choose-method;128144;0
2021-08-19 20:17:43;accept-method;128144;0
2021-08-19 20:22:14;make-payment;128144;1237.62
2021-08-28 05:21:24;open-paystation;128144;0
2021-08-28 05:26:18;choose-method;128144;0
2021-08-28 05:28:34;accept-method;128144;0
2021-08-28 05:29:51;make-payment;128144;1401.95
2021-09-16 17:55:24;open-paystation;579369;0
2021-09-16 17:59:04;choose-method;579369;0
2021-09-16 18:01:45;accept-method;579369;0
2021-09-16 18:03:29;reject-payment;579369;2246.38
2021-09-19 17:42:49;open-paystation;579369;0
2021-09-19 17:46:47;choose-method;579369;0
2021-09-19 17:48:12;accept-method;579369;0
2021-09-19 17:53:02;reject-payment;579369;445.32
2021-09-21 22:54:32;open-paystation;579369;0
2021-09-21 22:58:16;choose-method;579369;0
2021-09-21 22:59:51;accept-method;579369;0
2021-09-21 23:03:25;make-payment;579369;1734.40
2021-10-04 23:46:00;open-paystation;579369;0
2021-10-04 23:48:50;choose-method;579369;0
2021-10-04 23:50:46;accept-method;579369;0
2021-10-04 23:55:08;make-payment;579369;1588.39
2021-10-11 15:35:18;open-paystation;579369;0
2021-10-11 15:39:25;choose-method;579369;0
2021-10-11 15:41:33;accept-method;579369;0
2021-10-11 15:43:34;make-payment;579369;2102.78
2021-05-16 15:40:12;open-paystation;424388;0
2021-05-16 15:44:21;choose-method;424388;0
2021-05-16 15:45:39;accept-method;424388;0
2021-05-16 15:47:20;make-payment;424388;263.53
2021-05-21 17:26:47;open-paystation;424388;0
2021-05-21 17:29:05;choose-method;424388;0
2021-05-21 17:31:42;accept-method;424388;0
2021-05-21 17:36:03;make-payment;424388;760.13
2021-06-08 17:31:50;open-paystation;424388;0
2021-06-08 17:35:21;choose-method;424388;0
2021-06-08 17:37:57;accept-method;424388;0
2021-06-08 17:39:09;make-payment;424388;1090.52
2021-01-26 23:21:43;open-paystation;950427;0
2021-01-26 23:24:50;choose-method;950427;0
2021-01-26 23:26:35;accept-method;950427;0
2021-01-26 23:30:40;make-payment;950427;1317.92
2021-02-07 10:24:03;open-paystation;382596;0
2021-02-07 10:27:48;choose-method;382596;0
2021-02-07 10:30:45;accept-method;382596;0
2021-02-07 10:31:48;make-payment;382596;2238.95
2021-05-16 05:27:02;open-paystation;632642;0
2021-05-16 05:30:20;choose-method;632642;0
2021-05-16 05:32:30;accept-method;632642;0
2021-05-16 05:36:49;reject-payment;632642;2492.59
2021-05-29 13:01:19;open-paystation;632642;0
2021-05-29 13:04:01;choose-method;632642;0
2021-05-29 13:06:45;accept-method;632642;0
2021-05-29 13:08:20;make-payment;632642;1885.03
2021-05-31 15:49:07;open-paystation;632642;0
2021-05-31 15:51:10;choose-method;632642;0
2021-05-31 15:52:35;accept-method;632642;0
2021-05-31 15:57:20;make-payment;632642;1599.41
2021-08-30 10:57:51;open-paystation;756861;0
2021-08-30 11:02:26;choose-method;756861;0
2021-08-30 11:04:34;accept-method;756861;0
2021-08-30 11:07:44;reject-payment;756861;384.26
2021-12-10 08:39:01;open-paystation;130781;0
2021-12-10 08:43:18;choose-method;130781;0
2021-12-10 08:45:34;accept-method;130781;0
2021-12-10 08:47:57;make-payment;130781;2142.01
2021-12-16 13:19:27;open-paystation;130781;0
2021-12-16 13:21:30;choose-method;130781;0
2021-12-16 13:24:28;accept-method;130781;0
2021-12-16 13:26:57;make-payment;130781;2558.28
2021-12-31 21:34:29;open-paystation;130781;0
2021-12-31 21:36:37;choose-method;130781;0
2021-12-31 21:38:25;accept-method;130781;0
2021-12-31 21:42:55;make-payment;130781;189.59
2021-01-26 05:00:05;open-paystation;906165;0
2021-01-26 05:04:28;choose-method;906165;0
2021-01-26 05:06:49;accept-method;906165;0
2021-01-26 05:09:03;reject-payment;906165;1144.78
2021-01-28 16:59:45;open-paystation;906165;0
2021-01-28 17:02:52;choose-method;906165;0
2021-01-28 17:05:14;accept-method;906165;0
2021-01-28 17:06:23;make-payment;906165;2252.98
2021-01-30 02:17:37;open-paystation;906165;0
2021-01-30 02:22:35;choose-method;906165;0
2021-01-30 02:24:17;accept-method;906165;0
2021-01-30 02:26:39;make-payment;906165;1413.31
2021-04-10 22:21:06;open-paystation;125200;0
2021-04-10 22:23:21;choose-method;125200;0
2021-04-10 22:25:24;accept-method;125200;0
2021-04-10 22:27:51;make-payment;125200;544.79
2021-04-14 05:07:22;open-paystation;125200;0
2021-04-14 05:11:34;choose-method;125200;0
2021-04-14 05:13:49;accept-method;125200;0
2021-04-14 05:16:57;reject-payment;125200;2170.49
2021-04-27 12:13:54;open-paystation;125200;0
2021-04-27 12:18:43;choose-method;125200;0
2021-04-27 12:20:53;accept-method;125200;0
2021-04-27 12:23:31;make-payment;125200;2999.18
2021-04-29 01:45:33;open-paystation;125200;0
2021-04-29 01:50:14;choose-method;125200;0
2021-04-29 01:51:59;accept-method;125200;0
2021-04-29 01:55:36;make-payment;125200;1041.31
2021-07-25 01:36:21;open-paystation;781244;0
2021-07-25 01:38:31;choose-method;781244;0
2021-07-25 01:41:12;accept-method;781244;0
2021-07-25 01:45:56;make-payment;781244;325.78
2021-05-27 10:26:27;open-paystation;155633;0
2021-05-27 10:31:24;choose-method;155633;0
2021-05-27 10:32:30;accept-method;155633;0
2021-05-27 10:34:27;make-payment;155633;1317.40
2021-06-07 14:20:37;open-paystation;155633;0
2021-06-07 14:22:55;choose-method;155633;0
2021-06-07 14:25:07;accept-method;155633;0
2021-06-07 14:27:15;make-payment;155633;2669.38
2021-02-19 01:04:28;open-paystation;653600;0
2021-02-19 01:09:18;choose-method;653600;0
2021-02-19 01:11:13;accept-method;653600;0
2021-02-19 01:13:32;make-payment;653600;1174.58
2021-02-23 23:06:22;open-paystation;653600;0
2021-02-23 23:08:36;choose-method;653600;0
2021-02-23 23:10:12;accept-method;653600;0
2021-02-23 23:14:00;reject-payment;653600;2942.53
2021-03-06 04:35:35;open-paystation;653600;0
2021-03-06 04:39:20;choose-method;653600;0
2021-03-06 04:42:17;accept-method;653600;0
2021-03-06 04:44:03;make-payment;653600;812.87
2021-03-08 22:20:12;open-paystation;653600;0
2021-03-08 22:24:28;choose-method;653600;0
2021-03-08 22:27:24;accept-method;653600;0
2021-03-08 22:31:13;make-payment;653600;1957.43
2021-01-26 09:32:36;open-paystation;707729;0
2021-01-26 09:36:06;choose-method;707729;0
2021-01-26 09:38:39;accept-method;707729;0
2021-01-26 09:42:37;make-payment;707729;995.60
2021-02-01 02:25:52;open-paystation;707729;0
2021-02-01 02:28:17;choose-method;707729;0
2021-02-01 02:30:58;accept-method;707729;0
2021-02-01 02:35:42;reject-payment;707729;2129.94
2021-02-05 21:21:18;open-paystation;707729;0
2021-02-05 21:25:45;choose-method;707729;0
2021-02-05 21:27:20;accept-method;707729;0
2021-02-05 21:31:46;make-payment;707729;444.67
2021-02-10 22:52:34;open-paystation;707729;0
2021-02-10 22:57:11;choose-method;707729;0
2021-02-10 22:59:24;accept-method;707729;0
2021-02-10 23:02:28;reject-payment;707729;790.90
2021-02-24 14:04:45;open-paystation;707729;0
2021-02-24 14:08:31;choose-method;707729;0
2021-02-24 14:10:27;accept-method;707729;0
2021-02-24 14:14:04;make-payment;707729;2639.62
2021-03-03 03:51:31;open-paystation;707729;0
2021-03-03 03:54:28;choose-method;707729;0
2021-03-03 03:56:09;accept-method;707729;0
2021-03-03 04:00:21;reject-payment;707729;1204.45
2021-03-08 11:49:07;open-paystation;707729;0
2021-03-08 11:52:17;choose-method;707729;0
2021-03-08 11:54:31;accept-method;707729;0
2021-03-08 11:56:26;make-payment;707729;1059.17
2021-03-09 01:49:08;open-paystation;707729;0
2021-03-09 01:52:18;choose-method;707729;0
2021-03-09 01:55:05;accept-method;707729;0
2021-03-09 01:58:35;make-payment;707729;362.85
2021-01-28 14:18:14;open-paystation;532109;0
2021-01-28 14:22:23;choose-method;532109;0
2021-01-28 14:24:45;accept-method;532109;0
2021-01-28 14:26:29;make-payment;532109;1085.77
2021-10-12 03:59:28;open-paystation;716864;0
2021-10-12 04:03:45;choose-method;716864;0
2021-10-12 04:05:31;accept-method;716864;0
2021-10-12 04:07:22;make-payment;716864;793.76
2021-04-12 19:13:45;open-paystation;117785;0
2021-04-12 19:18:33;choose-method;117785;0
2021-04-12 19:20:28;accept-method;117785;0
2021-04-12 19:22:52;make-payment;117785;1801.60
2021-04-28 17:15:04;open-paystation;117785;0
2021-04-28 17:17:44;choose-method;117785;0
2021-04-28 17:20:13;accept-method;117785;0
2021-04-28 17:23:45;make-payment;117785;1538.64
2021-06-06 19:37:24;open-paystation;424209;0
2021-06-06 19:41:06;choose-method;424209;0
2021-06-06 19:43:34;accept-method;424209;0
2021-06-06 19:48:29;make-payment;424209;177.17
2021-06-10 14:22:31;open-paystation;424209;0
2021-06-10 14:27:10;choose-method;424209;0
2021-06-10 14:28:20;accept-method;424209;0
2021-06-10 14:31:50;make-payment;424209;1170.74
2021-09-18 22:54:12;open-paystation;178176;0
2021-09-18 22:58:02;choose-method;178176;0
2021-09-18 22:59:48;accept-method;178176;0
2021-09-18 23:03:18;make-payment;178176;950.37
2021-10-03 11:44:11;open-paystation;178176;0
2021-10-03 11:46:45;choose-method;178176;0
2021-10-03 11:48:11;accept-method;178176;0
2021-10-03 11:52:29;make-payment;178176;2745.79
2021-12-14 17:27:36;open-paystation;400566;0
2021-12-14 17:31:05;choose-method;400566;0
2021-12-14 17:32:41;accept-method;400566;0
2021-12-14 17:36:56;make-payment;400566;2877.33
2021-12-17 04:27:44;open-paystation;400566;0
2021-12-17 04:31:14;choose-method;400566;0
2021-12-17 04:33:36;accept-method;400566;0
2021-12-17 04:35:54;make-payment;400566;1615.05
2021-12-24 12:09:47;open-paystation;400566;0
2021-12-24 12:11:58;choose-method;400566;0
2021-12-24 12:14:47;accept-method;400566;0
2021-12-24 12:17:40;make-payment;400566;1406.47
2021-05-12 22:28:17;open-paystation;221050;0
2021-05-12 22:31:23;choose-method;221050;0
2021-05-12 22:33:28;accept-method;221050;0
2021-05-12 22:35:32;make-payment;221050;2811.59
2021-05-13 16:20:35;open-paystation;221050;0
2021-05-13 16:25:13;choose-method;221050;0
2021-05-13 16:27:24;accept-method;221050;0
2021-05-13 16:29:28;make-payment;221050;2652.24
2021-07-19 12:53:34;open-paystation;821538;0
2021-07-19 12:55:56;choose-method;821538;0
2021-07-19 12:57:17;accept-method;821538;0
2021-07-19 13:02:06;reject-payment;821538;2759.63
2021-07-24 12:20:45;open-paystation;821538;0
2021-07-24 12:24:23;choose-method;821538;0
2021-07-24 12:26:44;accept-method;821538;0
2021-07-24 12:28:03;make-payment;821538;710.10
2021-08-17 22:30:40;open-paystation;645444;0
2021-08-17 22:35:14;choose-method;645444;0
2021-08-17 22:38:01;accept-method;645444;0
2021-08-17 22:39:30;make-payment;645444;1405.44
2021-08-25 23:16:06;open-paystation;645444;0
2021-08-25 23:19:22;choose-method;645444;0
2021-08-25 23:21:59;accept-method;645444;0
2021-08-25 23:26:21;reject-payment;645444;373.22
2021-09-29 05:16:14;open-paystation;861065;0
2021-09-29 05:18:28;choose-method;861065;0
2021-09-29 05:19:37;accept-method;861065;0
2021-09-29 05:24:10;make-payment;861065;645.16
2021-10-08 21:36:49;open-paystation;861065;0
2021-10-08 21:39:11;choose-method;861065;0
2021-10-08 21:41:50;accept-method;861065;0
2021-10-08 21:43:27;make-payment;861065;2413.01
2021-10-17 11:37:20;open-paystation;861065;0
2021-10-17 11:39:44;choose-method;861065;0
2021-10-17 11:41:43;accept-method;861065;0
2021-10-17 11:45:02;reject-payment;861065;1435.65
2021-06-02 08:09:02;open-paystation;422213;0
2021-06-02 08:11:46;choose-method;422213;0
2021-06-02 08:14:23;accept-method;422213;0
2021-06-02 08:19:03;make-payment;422213;1184.21
2021-05-07 12:05:21;open-paystation;511647;0
2021-05-07 12:07:27;choose-method;511647;0
2021-05-07 12:08:33;accept-method;511647;0
2021-05-07 12:11:36;reject-payment;511647;2946.86
2021-05-15 03:54:20;open-paystation;511647;0
2021-05-15 03:58:53;choose-method;511647;0
2021-05-15 04:01:38;accept-method;511647;0
2021-05-15 04:03:49;reject-payment;511647;2180.31
2021-05-21 03:54:48;open-paystation;511647;0
2021-05-21 03:59:15;choose-method;511647;0
2021-05-21 04:02:03;accept-method;511647;0
2021-05-21 04:04:07;make-payment;511647;2685.33
2021-12-21 10:12:10;open-paystation;160034;0
2021-12-21 10:14:56;choose-method;160034;0
2021-12-21 10:16:42;accept-method;160034;0
2021-12-21 10:19:54;make-payment;160034;949.53
2021-04-13 20:40:41;open-paystation;196352;0
2021-04-13 20:43:13;choose-method;196352;0
2021-04-13 20:44:47;accept-method;196352;0
2021-04-13 20:47:45;make-payment;196352;2061.00
2021-04-21 14:01:24;open-paystation;196352;0
2021-04-21 14:04:35;choose-method;196352;0
2021-04-21 14:07:08;accept-method;196352;0
2021-04-21 14:10:32;make-payment;196352;2213.57
2021-01-26 12:38:55;open-paystation;368264;0
2021-01-26 12:42:09;choose-method;368264;0
2021-01-26 12:43:29;accept-method;368264;0
2021-01-26 12:46:41;make-payment;368264;1616.41
2021-02-02 22:51:41;open-paystation;368264;0
2021-02-02 22:56:25;choose-method;368264;0
2021-02-02 22:58:43;accept-method;368264;0
2021-02-02 23:02:57;make-payment;368264;482.28
2021-02-15 00:21:46;open-paystation;368264;0
2021-02-15 00:26:27;choose-method;368264;0
2021-02-15 00:27:28;accept-method;368264;0
2021-02-15 00:29:47;make-payment;368264;2560.73
2021-07-10 21:39:36;open-paystation;807449;0
2021-07-10 21:42:10;choose-method;807449;0
2021-07-10 21:43:24;accept-method;807449;0
2021-07-10 21:45:06;make-payment;807449;1189.50
2021-07-13 13:19:20;open-paystation;807449;0
2021-07-13 13:22:50;choose-method;807449;0
2021-07-13 13:25:07;accept-method;807449;0
2021-07-13 13:26:10;make-payment;807449;2518.67
2021-10-12 17:13:11;open-paystation;667827;0
2021-10-12 17:16:07;choose-method;667827;0
2021-10-12 17:18:20;accept-method;667827;0
2021-10-12 17:21:22;reject-payment;667827;1511.65
2021-11-26 03:26:09;open-paystation;156789;0
2021-11-26 03:29:27;choose-method;156789;0
2021-11-26 03:31:10;accept-method;156789;0
2021-11-26 03:33:34;make-payment;156789;2888.01
2021-12-03 13:01:06;open-paystation;156789;0
2021-12-03 13:03:14;choose-method;156789;0
2021-12-03 13:04:57;accept-method;156789;0
2021-12-03 13:07:08;make-payment;156789;1591.31
2021-12-08 05:09:52;open-paystation;156789;0
2021-12-08 05:14:17;choose-method;156789;0
2021-12-08 05:17:16;accept-method;156789;0
2021-12-08 05:20:43;make-payment;156789;1865.21
2021-12-26 21:45:18;open-paystation;156789;0
2021-12-26 21:48:01;choose-method;156789;0
2021-12-26 21:50:30;accept-method;156789;0
2021-12-26 21:53:01;make-payment;156789;2767.00
2021-06-25 17:51:51;open-paystation;330628;0
2021-06-25 17:56:23;choose-method;330628;0
2021-06-25 17:59:22;accept-method;330628;0
2021-06-25 18:03:58;reject-payment;330628;2039.87
2021-12-07 13:46:59;open-paystation;620484;0
2021-12-07 13:50:47;choose-method;620484;0
2021-12-07 13:52:08;accept-method;620484;0
2021-12-07 13:55:58;reject-payment;620484;2521.46
2021-12-21 06:34:48;open-paystation;620484;0
2021-12-21 06:39:11;choose-method;620484;0
2021-12-21 06:42:07;accept-method;620484;0
2021-12-21 06:46:38;make-payment;620484;2740.09
2021-12-26 02:00:34;open-paystation;620484;0
2021-12-26 02:03:26;choose-method;620484;0
2021-12-26 02:06:06;accept-method;620484;0
2021-12-26 02:10:11;make-payment;620484;959.14
2021-07-08 04:44:38;open-paystation;661332;0
2021-07-08 04:49:20;choose-method;661332;0
2021-07-08 04:50:46;accept-method;661332;0
2021-07-08 04:52:02;make-payment;661332;1432.11
2021-07-10 05:37:31;open-paystation;661332;0
2021-07-10 05:39:42;choose-method;661332;0
2021-07-10 05:41:00;accept-method;661332;0
2021-07-10 05:42:25;make-payment;661332;2327.75
2021-07-16 07:02:37;open-paystation;741212;0
2021-07-16 07:06:24;choose-method;741212;0
2021-07-16 07:08:01;accept-method;741212;0
2021-07-16 07:10:53;make-payment;741212;2228.62
2021-07-23 23:10:53;open-paystation;741212;0
2021-07-23 23:15:09;choose-method;741212;0
2021-07-23 23:17:36;accept-method;741212;0
2021-07-23 23:19:48;make-payment;741212;2467.64
2021-08-21 10:32:36;open-paystation;741212;0
2021-08-21 10:36:54;choose-method;741212;0
2021-08-21 10:38:19;accept-method;741212;0
2021-08-21 10:41:37;reject-payment;741212;2389.12
2021-09-01 18:43:40;open-paystation;515537;0
2021-09-01 18:46:03;choose-method;515537;0
2021-09-01 18:48:26;accept-method;515537;0
2021-09-01 18:53:10;make-payment;515537;2339.09
2021-09-07 20:27:53;open-paystation;515537;0
2021-09-07 20:31:35;choose-method;515537;0
2021-09-07 20:32:53;accept-method;515537;0
2021-09-07 20:34:01;reject-payment;515537;794.69
2021-09-13 07:40:20;open-paystation;515537;0
2021-09-13 07:45:18;choose-method;515537;0
2021-09-13 07:47:58;accept-method;515537;0
2021-09-13 07:49:29;make-payment;515537;2645.08
2021-11-01 03:58:42;open-paystation;804372;0
2021-11-01 04:02:33;choose-method;804372;0
2021-11-01 04:04:39;accept-method;804372;0
2021-11-01 04:09:05;make-payment;804372;620.64
2022-01-09 12:14:17;open-paystation;475086;0
2022-01-09 12:18:40;choose-method;475086;0
2022-01-09 12:21:20;accept-method;475086;0
2022-01-09 12:24:31;make-payment;475086;1218.31
2021-11-09 08:28:22;open-paystation;341005;0
2021-11-09 08:31:02;choose-method;341005;0
2021-11-09 08:33:21;accept-method;341005;0
2021-11-09 08:36:08;make-payment;341005;987.16
2021-11-28 15:32:37;open-paystation;341005;0
2021-11-28 15:36:53;choose-method;341005;0
2021-11-28 15:38:11;accept-method;341005;0
2021-11-28 15:40:38;reject-payment;341005;2588.45
2021-04-20 12:32:28;open-paystation;875234;0
2021-04-20 12:36:26;choose-method;875234;0
2021-04-20 12:37:41;accept-method;875234;0
2021-04-20 12:39:31;make-payment;875234;2532.91
2021-12-20 12:03:19;open-paystation;446969;0
2021-12-20 12:05:45;choose-method;446969;0
2021-12-20 12:06:54;accept-method;446969;0
2021-12-20 12:07:58;make-payment;446969;636.16
2021-12-25 00:21:54;open-paystation;446969;0
2021-12-25 00:25:02;choose-method;446969;0
2021-12-25 00:26:53;accept-method;446969;0
2021-12-25 00:30:23;reject-payment;446969;645.57
2022-01-06 16:39:15;open-paystation;446969;0
2022-01-06 16:42:20;choose-method;446969;0
2022-01-06 16:44:57;accept-method;446969;0
2022-01-06 16:46:31;make-payment;446969;1458.81
2022-01-08 15:44:13;open-paystation;446969;0
2022-01-08 15:47:00;choose-method;446969;0
2022-01-08 15:49:18;accept-method;446969;0
2022-01-08 15:51:52;reject-payment;446969;599.35
2021-08-11 11:40:29;open-paystation;632903;0
2021-08-11 11:44:20;choose-method;632903;0
2021-08-11 11:45:49;accept-method;632903;0
2021-08-11 11:49:40;reject-payment;632903;113.76
2021-08-19 19:12:41;open-paystation;632903;0
2021-08-19 19:15:26;choose-method;632903;0
2021-08-19 19:16:29;accept-method;632903;0
2021-08-19 19:18:14;make-payment;632903;1422.68
2021-08-23 19:25:01;open-paystation;632903;0
2021-08-23 19:27:15;choose-method;632903;0
2021-08-23 19:28:47;accept-method;632903;0
2021-08-23 19:30:53;reject-payment;632903;1428.89
2021-09-17 18:16:05;open-paystation;905075;0
2021-09-17 18:18:59;choose-method;905075;0
2021-09-17 18:21:23;accept-method;905075;0
2021-09-17 18:26:20;make-payment;905075;2027.33
2021-09-22 11:17:00;open-paystation;905075;0
2021-09-22 11:20:59;choose-method;905075;0
2021-09-22 11:22:52;accept-method;905075;0
2021-09-22 11:26:09;make-payment;905075;1592.64
2021-04-25 08:54:04;open-paystation;768428;0
2021-04-25 08:57:28;choose-method;768428;0
2021-04-25 08:58:37;accept-method;768428;0
2021-04-25 09:02:53;make-payment;768428;1398.80
2021-11-14 10:50:27;open-paystation;305487;0
2021-11-14 10:54:34;choose-method;305487;0
2021-11-14 10:56:33;accept-method;305487;0
2021-11-14 10:58:31;make-payment;305487;878.70
2021-11-19 13:31:36;open-paystation;305487;0
2021-11-19 13:35:59;choose-method;305487;0
2021-11-19 13:37:50;accept-method;305487;0
2021-11-19 13:42:41;make-payment;305487;1919.10
2021-12-01 18:53:13;open-paystation;305487;0
2021-12-01 18:55:16;choose-method;305487;0
2021-12-01 18:57:49;accept-method;305487;0
2021-12-01 19:00:47;make-payment;305487;592.86
2021-09-15 18:16:54;open-paystation;445521;0
2021-09-15 18:21:18;choose-method;445521;0
2021-09-15 18:23:23;accept-method;445521;0
2021-09-15 18:26:11;reject-payment;445521;917.55
2021-10-30 07:46:38;open-paystation;783372;0
2021-10-30 07:49:40;choose-method;783372;0
2021-10-30 07:52:00;accept-method;783372;0
2021-10-30 07:54:15;make-payment;783372;822.90
2021-11-05 04:42:39;open-paystation;783372;0
2021-11-05 04:44:55;choose-method;783372;0
2021-11-05 04:46:06;accept-method;783372;0
2021-11-05 04:50:59;make-payment;783372;1196.48
2021-11-11 09:12:46;open-paystation;783372;0
2021-11-11 09:15:45;choose-method;783372;0
2021-11-11 09:17:58;accept-method;783372;0
2021-11-11 09:19:31;reject-payment;783372;1184.25
2021-11-19 01:09:21;open-paystation;783372;0
2021-11-19 01:11:57;choose-method;783372;0
2021-11-19 01:14:27;accept-method;783372;0
2021-11-19 01:17:44;reject-payment;783372;2834.27
2021-11-21 12:53:46;open-paystation;783372;0
2021-11-21 12:57:20;choose-method;783372;0
2021-11-21 12:58:42;accept-method;783372;0
2021-11-21 13:01:38;make-payment;783372;999.22
2021-01-03 15:17:52;open-paystation;168341;0
2021-01-03 15:22:20;choose-method;168341;0
2021-01-03 15:24:22;accept-method;168341;0
2021-01-03 15:27:04;reject-payment;168341;269.29
2021-01-07 07:35:20;open-paystation;168341;0
2021-01-07 07:39:13;choose-method;168341;0
2021-01-07 07:41:26;accept-method;168341;0
2021-01-07 07:44:08;make-payment;168341;2104.63
2021-01-10 17:09:08;open-paystation;168341;0
2021-01-10 17:11:39;choose-method;168341;0
2021-01-10 17:13:16;accept-method;168341;0
2021-01-10 17:14:28;make-payment;168341;357.71
2021-01-17 00:39:07;open-paystation;168341;0
2021-01-17 00:43:58;choose-method;168341;0
2021-01-17 00:45:30;accept-method;168341;0
2021-01-17 00:46:52;make-payment;168341;2646.55
2021-01-18 05:38:36;open-paystation;168341;0
2021-01-18 05:43:20;choose-method;168341;0
2021-01-18 05:45:09;accept-method;168341;0
2021-01-18 05:49:02;make-payment;168341;320.68
2021-03-08 17:20:44;open-paystation;558778;0
2021-03-08 17:25:15;choose-method;558778;0
2021-03-08 17:27:45;accept-method;558778;0
2021-03-08 17:32:40;reject-payment;558778;2364.14
2021-03-15 12:14:46;open-paystation;558778;0
2021-03-15 12:18:51;choose-method;558778;0
2021-03-15 12:19:55;accept-method;558778;0
2021-03-15 12:24:16;reject-payment;558778;2795.11
2021-03-22 05:03:08;open-paystation;558778;0
2021-03-22 05:07:24;choose-method;558778;0
2021-03-22 05:10:20;accept-method;558778;0
2021-03-22 05:13:53;reject-payment;558778;2392.61
2021-03-23 20:14:38;open-paystation;558778;0
2021-03-23 20:18:42;choose-method;558778;0
2021-03-23 20:20:26;accept-method;558778;0
2021-03-23 20:25:18;make-payment;558778;1776.20
2021-04-04 02:26:04;open-paystation;558778;0
2021-04-04 02:30:52;choose-method;558778;0
2021-04-04 02:33:28;accept-method;558778;0
2021-04-04 02:36:33;make-payment;558778;305.66
2021-04-10 23:47:00;open-paystation;558778;0
2021-04-10 23:50:24;choose-method;558778;0
2021-04-10 23:52:59;accept-method;558778;0
2021-04-10 23:54:12;make-payment;558778;2831.66
2021-04-13 03:11:06;open-paystation;558778;0
2021-04-13 03:13:16;choose-method;558778;0
2021-04-13 03:15:55;accept-method;558778;0
2021-04-13 03:20:46;make-payment;558778;2200.67
2021-08-21 10:31:28;open-paystation;378691;0
2021-08-21 10:35:47;choose-method;378691;0
2021-08-21 10:37:14;accept-method;378691;0
2021-08-21 10:39:21;make-payment;378691;2486.03
2021-08-23 06:10:23;open-paystation;378691;0
2021-08-23 06:13:39;choose-method;378691;0
2021-08-23 06:15:35;accept-method;378691;0
2021-08-23 06:19:12;make-payment;378691;885.67
2021-08-30 02:02:52;open-paystation;378691;0
2021-08-30 02:06:43;choose-method;378691;0
2021-08-30 02:07:53;accept-method;378691;0
2021-08-30 02:09:06;make-payment;378691;2170.37
2021-12-12 16:08:14;open-paystation;488795;0
2021-12-12 16:11:44;choose-method;488795;0
2021-12-12 16:14:07;accept-method;488795;0
2021-12-12 16:16:20;make-payment;488795;1907.52
2021-12-27 04:13:35;open-paystation;488795;0
2021-12-27 04:17:08;choose-method;488795;0
2021-12-27 04:18:18;accept-method;488795;0
2021-12-27 04:19:54;make-payment;488795;665.67
2021-10-26 23:09:21;open-paystation;229215;0
2021-10-26 23:13:09;choose-method;229215;0
2021-10-26 23:14:49;accept-method;229215;0
2021-10-26 23:19:08;make-payment;229215;2196.01
2021-02-04 23:19:58;open-paystation;384809;0
2021-02-04 23:24:30;choose-method;384809;0
2021-02-04 23:27:03;accept-method;384809;0
2021-02-04 23:30:08;make-payment;384809;636.09
2021-02-09 18:44:44;open-paystation;384809;0
2021-02-09 18:47:20;choose-method;384809;0
2021-02-09 18:48:37;accept-method;384809;0
2021-02-09 18:50:19;reject-payment;384809;1560.95
2021-12-27 17:23:58;open-paystation;614870;0
2021-12-27 17:26:50;choose-method;614870;0
2021-12-27 17:28:38;accept-method;614870;0
2021-12-27 17:30:44;make-payment;614870;927.37
2021-10-17 17:18:37;open-paystation;669134;0
2021-10-17 17:23:34;choose-method;669134;0
2021-10-17 17:25:21;accept-method;669134;0
2021-10-17 17:28:08;make-payment;669134;105.48
2021-10-22 00:16:26;open-paystation;669134;0
2021-10-22 00:19:09;choose-method;669134;0
2021-10-22 00:21:14;accept-method;669134;0
2021-10-22 00:26:00;make-payment;669134;602.55
2021-10-26 13:40:50;open-paystation;669134;0
2021-10-26 13:42:57;choose-method;669134;0
2021-10-26 13:45:07;accept-method;669134;0
2021-10-26 13:48:12;make-payment;669134;400.35
2021-05-18 20:29:25;open-paystation;319407;0
2021-05-18 20:33:57;choose-method;319407;0
2021-05-18 20:36:49;accept-method;319407;0
2021-05-18 20:40:15;make-payment;319407;1698.69
2021-06-10 23:47:20;open-paystation;319407;0
2021-06-10 23:49:29;choose-method;319407;0
2021-06-10 23:52:24;accept-method;319407;0
2021-06-10 23:54:22;reject-payment;319407;2192.37
2021-07-30 13:51:46;open-paystation;163779;0
2021-07-30 13:56:07;choose-method;163779;0
2021-07-30 13:59:02;accept-method;163779;0
2021-07-30 14:03:44;reject-payment;163779;1595.79
2021-08-06 09:20:33;open-paystation;163779;0
2021-08-06 09:24:11;choose-method;163779;0
2021-08-06 09:26:24;accept-method;163779;0
2021-08-06 09:28:32;make-payment;163779;2529.31
2021-04-15 17:15:45;open-paystation;260062;0
2021-04-15 17:20:40;choose-method;260062;0
2021-04-15 17:22:54;accept-method;260062;0
2021-04-15 17:25:57;reject-payment;260062;2977.56
2021-09-29 09:27:11;open-paystation;719318;0
2021-09-29 09:29:57;choose-method;719318;0
2021-09-29 09:32:42;accept-method;719318;0
2021-09-29 09:37:31;reject-payment;719318;980.56
2021-10-04 20:22:34;open-paystation;719318;0
2021-10-04 20:25:55;choose-method;719318;0
2021-10-04 20:28:53;accept-method;719318;0
2021-10-04 20:30:17;make-payment;719318;1463.76
2021-10-05 20:19:00;open-paystation;719318;0
2021-10-05 20:23:44;choose-method;719318;0
2021-10-05 20:25:49;accept-method;719318;0
2021-10-05 20:29:03;make-payment;719318;130.31
2021-10-13 14:54:34;open-paystation;719318;0
2021-10-13 14:57:55;choose-method;719318;0
2021-10-13 15:00:01;accept-method;719318;0
2021-10-13 15:02:24;make-payment;719318;1847.95
2021-10-23 22:04:06;open-paystation;719318;0
2021-10-23 22:08:29;choose-method;719318;0
2021-10-23 22:10:53;accept-method;719318;0
2021-10-23 22:15:36;make-payment;719318;960.38
2022-01-02 02:58:37;open-paystation;819944;0
2022-01-02 03:01:41;choose-method;819944;0
2022-01-02 03:02:54;accept-method;819944;0
2022-01-02 03:05:21;make-payment;819944;644.19
2022-01-11 14:46:59;open-paystation;819944;0
2022-01-11 14:49:06;choose-method;819944;0
2022-01-11 14:51:58;accept-method;819944;0
2022-01-11 14:54:49;reject-payment;819944;1357.64
2022-01-15 02:41:02;open-paystation;819944;0
2022-01-15 02:45:34;choose-method;819944;0
2022-01-15 02:46:48;accept-method;819944;0
2022-01-15 02:49:17;make-payment;819944;811.26
2022-01-19 16:52:04;open-paystation;819944;0
2022-01-19 16:54:47;choose-method;819944;0
2022-01-19 16:57:43;accept-method;819944;0
2022-01-19 17:00:05;make-payment;819944;2935.33
2021-11-08 01:54:27;open-paystation;408965;0
2021-11-08 01:56:46;choose-method;408965;0
2021-11-08 01:58:56;accept-method;408965;0
2021-11-08 02:03:21;make-payment;408965;2446.70
2021-11-12 11:16:15;open-paystation;408965;0
2021-11-12 11:19:27;choose-method;408965;0
2021-11-12 11:21:07;accept-method;408965;0
2021-11-12 11:23:18;make-payment;408965;2328.99
2021-11-18 11:30:14;open-paystation;408965;0
2021-11-18 11:34:27;choose-method;408965;0
2021-11-18 11:37:16;accept-method;408965;0
2021-11-18 11:38:58;reject-payment;408965;890.49
2021-01-26 13:45:36;open-paystation;593922;0
2021-01-26 13:47:48;choose-method;593922;0
2021-01-26 13:49:06;accept-method;593922;0
2021-01-26 13:50:24;reject-payment;593922;1432.21
2021-06-25 04:55:39;open-paystation;155562;0
2021-06-25 04:58:36;choose-method;155562;0
2021-06-25 05:00:01;accept-method;155562;0
2021-06-25 05:05:00;reject-payment;155562;2528.29
2021-06-28 02:01:57;open-paystation;155562;0
2021-06-28 02:04:52;choose-method;155562;0
2021-06-28 02:07:29;accept-method;155562;0
2021-06-28 02:12:20;make-payment;155562;2464.25
2021-07-03 07:48:05;open-paystation;155562;0
2021-07-03 07:50:08;choose-method;155562;0
2021-07-03 07:51:57;accept-method;155562;0
2021-07-03 07:56:22;make-payment;155562;1575.47
2021-07-16 14:57:35;open-paystation;155562;0
2021-07-16 15:00:09;choose-method;155562;0
2021-07-16 15:01:13;accept-method;155562;0
2021-07-16 15:03:32;make-payment;155562;1126.95
2021-08-07 19:13:26;open-paystation;591112;0
2021-08-07 19:17:17;choose-method;591112;0
2021-08-07 19:18:55;accept-method;591112;0
2021-08-07 19:23:10;make-payment;591112;2549.13
2021-08-17 21:58:33;open-paystation;591112;0
2021-08-17 22:01:49;choose-method;591112;0
2021-08-17 22:03:57;accept-method;591112;0
2021-08-17 22:08:44;reject-payment;591112;678.59
2021-01-25 05:36:14;open-paystation;894877;0
2021-01-25 05:40:09;choose-method;894877;0
2021-01-25 05:41:33;accept-method;894877;0
2021-01-25 05:43:55;make-payment;894877;411.00
2021-08-26 02:54:38;open-paystation;434422;0
2021-08-26 02:58:43;choose-method;434422;0
2021-08-26 03:00:37;accept-method;434422;0
2021-08-26 03:05:29;make-payment;434422;1684.42
2021-08-29 19:54:36;open-paystation;434422;0
2021-08-29 19:58:05;choose-method;434422;0
2021-08-29 20:00:49;accept-method;434422;0
2021-08-29 20:05:43;make-payment;434422;1954.91
2021-09-10 14:27:21;open-paystation;434422;0
2021-09-10 14:29:28;choose-method;434422;0
2021-09-10 14:32:02;accept-method;434422;0
2021-09-10 14:33:42;make-payment;434422;2882.41
2021-09-12 19:01:02;open-paystation;434422;0
2021-09-12 19:03:48;choose-method;434422;0
2021-09-12 19:06:16;accept-method;434422;0
2021-09-12 19:09:30;make-payment;434422;1712.73
2021-12-21 02:50:59;open-paystation;432692;0
2021-12-21 02:54:08;choose-method;432692;0
2021-12-21 02:55:16;accept-method;432692;0
2021-12-21 02:58:31;make-payment;432692;931.91
2021-12-24 03:43:28;open-paystation;432692;0
2021-12-24 03:47:18;choose-method;432692;0
2021-12-24 03:48:21;accept-method;432692;0
2021-12-24 03:50:33;make-payment;432692;2193.22
2021-12-30 19:11:36;open-paystation;432692;0
2021-12-30 19:14:23;choose-method;432692;0
2021-12-30 19:16:26;accept-method;432692;0
2021-12-30 19:20:59;reject-payment;432692;124.19
2021-11-26 15:36:28;open-paystation;398266;0
2021-11-26 15:40:49;choose-method;398266;0
2021-11-26 15:42:11;accept-method;398266;0
2021-11-26 15:43:25;make-payment;398266;1753.88
2021-10-24 12:42:15;open-paystation;912961;0
2021-10-24 12:46:48;choose-method;912961;0
2021-10-24 12:49:15;accept-method;912961;0
2021-10-24 12:53:35;make-payment;912961;694.35
2021-10-25 13:12:57;open-paystation;912961;0
2021-10-25 13:15:31;choose-method;912961;0
2021-10-25 13:18:11;accept-method;912961;0
2021-10-25 13:21:29;make-payment;912961;1979.99
2021-10-25 17:37:28;open-paystation;912961;0
2021-10-25 17:41:05;choose-method;912961;0
2021-10-25 17:43:46;accept-method;912961;0
2021-10-25 17:45:41;make-payment;912961;1762.52
2021-10-27 18:54:34;open-paystation;912961;0
2021-10-27 18:59:25;choose-method;912961;0
2021-10-27 19:00:45;accept-method;912961;0
2021-10-27 19:01:46;make-payment;912961;944.71
2021-05-14 00:40:07;open-paystation;101968;0
2021-05-14 00:44:47;choose-method;101968;0
2021-05-14 00:46:44;accept-method;101968;0
2021-05-14 00:49:10;make-payment;101968;263.58
2021-05-16 16:58:03;open-paystation;101968;0
2021-05-16 17:01:59;choose-method;101968;0
2021-05-16 17:04:16;accept-method;101968;0
2021-05-16 17:06:43;make-payment;101968;2386.82
2021-05-27 18:29:38;open-paystation;101968;0
2021-05-27 18:34:29;choose-method;101968;0
2021-05-27 18:37:24;accept-method;101968;0
2021-05-27 18:39:49;make-payment;101968;1870.38
2021-10-12 05:33:51;open-paystation;561292;0
2021-10-12 05:36:16;choose-method;561292;0
2021-10-12 05:38:32;accept-method;561292;0
2021-10-12 05:41:29;make-payment;561292;2586.13
2021-10-16 01:45:03;open-paystation;561292;0
2021-10-16 01:47:58;choose-method;561292;0
2021-10-16 01:50:33;accept-method;561292;0
2021-10-16 01:55:24;make-payment;561292;1201.13
2021-04-19 12:57:34;open-paystation;910563;0
2021-04-19 13:01:14;choose-method;910563;0
2021-04-19 13:03:05;accept-method;910563;0
2021-04-19 13:04:38;make-payment;910563;831.99
2021-04-19 23:38:15;open-paystation;910563;0
2021-04-19 23:40:38;choose-method;910563;0
2021-04-19 23:41:39;accept-method;910563;0
2021-04-19 23:43:26;make-payment;910563;782.58
2021-04-21 21:09:39;open-paystation;910563;0
2021-04-21 21:13:26;choose-method;910563;0
2021-04-21 21:14:35;accept-method;910563;0
2021-04-21 21:16:28;make-payment;910563;1140.87
2021-04-24 07:36:37;open-paystation;910563;0
2021-04-24 07:39:12;choose-method;910563;0
2021-04-24 07:40:36;accept-method;910563;0
2021-04-24 07:45:11;make-payment;910563;712.07
2021-05-01 04:20:42;open-paystation;910563;0
2021-05-01 04:23:31;choose-method;910563;0
2021-05-01 04:25:10;accept-method;910563;0
2021-05-01 04:29:24;make-payment;910563;2238.07
2021-05-13 22:27:53;open-paystation;910563;0
2021-05-13 22:31:08;choose-method;910563;0
2021-05-13 22:32:47;accept-method;910563;0
2021-05-13 22:37:15;make-payment;910563;1541.58
2021-05-27 07:56:49;open-paystation;910563;0
2021-05-27 08:01:47;choose-method;910563;0
2021-05-27 08:03:39;accept-method;910563;0
2021-05-27 08:05:18;make-payment;910563;559.81
2021-03-25 02:51:37;open-paystation;658763;0
2021-03-25 02:54:22;choose-method;658763;0
2021-03-25 02:56:42;accept-method;658763;0
2021-03-25 02:59:09;make-payment;658763;516.56
2021-03-27 19:19:10;open-paystation;658763;0
2021-03-27 19:22:33;choose-method;658763;0
2021-03-27 19:23:34;accept-method;658763;0
2021-03-27 19:25:44;make-payment;658763;2462.15
2021-03-31 15:40:16;open-paystation;658763;0
2021-03-31 15:44:33;choose-method;658763;0
2021-03-31 15:47:04;accept-method;658763;0
2021-03-31 15:49:42;make-payment;658763;461.51
2021-04-12 04:36:03;open-paystation;658763;0
2021-04-12 04:40:06;choose-method;658763;0
2021-04-12 04:41:20;accept-method;658763;0
2021-04-12 04:45:57;make-payment;658763;2324.64
2021-12-03 05:10:19;open-paystation;876881;0
2021-12-03 05:15:16;choose-method;876881;0
2021-12-03 05:16:59;accept-method;876881;0
2021-12-03 05:19:33;reject-payment;876881;1364.96
2021-12-27 21:03:24;open-paystation;876881;0
2021-12-27 21:05:34;choose-method;876881;0
2021-12-27 21:07:11;accept-method;876881;0
2021-12-27 21:11:55;reject-payment;876881;892.90
2021-09-16 09:44:40;open-paystation;127251;0
2021-09-16 09:49:19;choose-method;127251;0
2021-09-16 09:51:07;accept-method;127251;0
2021-09-16 09:54:38;make-payment;127251;1322.49
2021-11-30 15:28:39;open-paystation;935647;0
2021-11-30 15:32:55;choose-method;935647;0
2021-11-30 15:35:21;accept-method;935647;0
2021-11-30 15:39:20;make-payment;935647;1420.08
2021-12-06 16:41:10;open-paystation;935647;0
2021-12-06 16:45:42;choose-method;935647;0
2021-12-06 16:47:18;accept-method;935647;0
2021-12-06 16:51:29;make-payment;935647;2744.90
2021-12-12 17:26:52;open-paystation;935647;0
2021-12-12 17:31:09;choose-method;935647;0
2021-12-12 17:32:54;accept-method;935647;0
2021-12-12 17:37:37;reject-payment;935647;2989.86
2021-06-27 08:23:20;open-paystation;603677;0
2021-06-27 08:27:45;choose-method;603677;0
2021-06-27 08:30:19;accept-method;603677;0
2021-06-27 08:33:20;make-payment;603677;387.06
2021-06-28 22:22:47;open-paystation;603677;0
2021-06-28 22:25:11;choose-method;603677;0
2021-06-28 22:26:31;accept-method;603677;0
2021-06-28 22:29:05;make-payment;603677;2107.86
2021-12-24 17:59:26;open-paystation;916199;0
2021-12-24 18:02:20;choose-method;916199;0
2021-12-24 18:03:29;accept-method;916199;0
2021-12-24 18:06:57;make-payment;916199;2808.32
2022-01-02 04:27:11;open-paystation;916199;0
2022-01-02 04:32:04;choose-method;916199;0
2022-01-02 04:34:52;accept-method;916199;0
2022-01-02 04:38:48;make-payment;916199;2227.71
2021-12-15 21:49:41;open-paystation;488998;0
2021-12-15 21:54:26;choose-method;488998;0
2021-12-15 21:55:50;accept-method;488998;0
2021-12-15 21:59:34;make-payment;488998;2115.01
2021-09-18 06:47:54;open-paystation;896905;0
2021-09-18 06:51:47;choose-method;896905;0
2021-09-18 06:53:12;accept-method;896905;0
2021-09-18 06:55:01;make-payment;896905;2601.12
2021-08-24 17:04:44;open-paystation;822163;0
2021-08-24 17:08:05;choose-method;822163;0
2021-08-24 17:10:43;accept-method;822163;0
2021-08-24 17:13:42;make-payment;822163;1750.23
2021-11-17 18:08:59;open-paystation;276585;0
2021-11-17 18:11:50;choose-method;276585;0
2021-11-17 18:12:54;accept-method;276585;0
2021-11-17 18:14:48;make-payment;276585;1204.70
2021-12-06 22:08:44;open-paystation;276585;0
2021-12-06 22:12:16;choose-method;276585;0
2021-12-06 22:13:46;accept-method;276585;0
2021-12-06 22:15:58;make-payment;276585;954.62
2021-12-23 02:23:55;open-paystation;276585;0
2021-12-23 02:28:28;choose-method;276585;0
2021-12-23 02:30:08;accept-method;276585;0
2021-12-23 02:34:55;make-payment;276585;377.60
2021-04-28 13:37:47;open-paystation;483227;0
2021-04-28 13:42:04;choose-method;483227;0
2021-04-28 13:43:59;accept-method;483227;0
2021-04-28 13:47:02;make-payment;483227;1357.66
2021-01-25 16:14:54;open-paystation;870164;0
2021-01-25 16:19:36;choose-method;870164;0
2021-01-25 16:21:06;accept-method;870164;0
2021-01-25 16:25:32;make-payment;870164;2610.76
2021-01-28 05:40:44;open-paystation;870164;0
2021-01-28 05:45:09;choose-method;870164;0
2021-01-28 05:47:12;accept-method;870164;0
2021-01-28 05:50:56;make-payment;870164;1607.92
2021-05-16 05:55:34;open-paystation;215553;0
2021-05-16 05:59:57;choose-method;215553;0
2021-05-16 06:02:10;accept-method;215553;0
2021-05-16 06:04:49;make-payment;215553;2600.19
2021-05-19 21:33:19;open-paystation;215553;0
2021-05-19 21:35:55;choose-method;215553;0
2021-05-19 21:37:30;accept-method;215553;0
2021-05-19 21:40:48;make-payment;215553;304.21
2021-05-20 06:38:41;open-paystation;215553;0
2021-05-20 06:41:03;choose-method;215553;0
2021-05-20 06:43:54;accept-method;215553;0
2021-05-20 06:48:21;make-payment;215553;1818.61
2021-05-26 22:26:33;open-paystation;215553;0
2021-05-26 22:29:11;choose-method;215553;0
2021-05-26 22:30:33;accept-method;215553;0
2021-05-26 22:34:55;reject-payment;215553;1708.25
2021-11-23 16:06:04;open-paystation;125747;0
2021-11-23 16:08:10;choose-method;125747;0
2021-11-23 16:11:03;accept-method;125747;0
2021-11-23 16:12:57;make-payment;125747;1101.16
2021-11-25 15:21:08;open-paystation;125747;0
2021-11-25 15:24:27;choose-method;125747;0
2021-11-25 15:25:54;accept-method;125747;0
2021-11-25 15:30:27;reject-payment;125747;1883.95
2021-06-12 13:39:29;open-paystation;616559;0
2021-06-12 13:42:32;choose-method;616559;0
2021-06-12 13:44:58;accept-method;616559;0
2021-06-12 13:47:23;make-payment;616559;1097.44
2021-06-20 18:13:26;open-paystation;616559;0
2021-06-20 18:18:21;choose-method;616559;0
2021-06-20 18:19:37;accept-method;616559;0
2021-06-20 18:22:55;make-payment;616559;1334.42
2021-06-28 21:25:15;open-paystation;616559;0
2021-06-28 21:27:27;choose-method;616559;0
2021-06-28 21:29:47;accept-method;616559;0
2021-06-28 21:32:53;make-payment;616559;2280.51
2021-04-15 00:28:12;open-paystation;224282;0
2021-04-15 00:32:30;choose-method;224282;0
2021-04-15 00:35:00;accept-method;224282;0
2021-04-15 00:36:44;reject-payment;224282;2413.12
2021-07-08 21:25:51;open-paystation;340169;0
2021-07-08 21:29:20;choose-method;340169;0
2021-07-08 21:32:07;accept-method;340169;0
2021-07-08 21:34:56;make-payment;340169;2714.60
2021-07-11 17:41:46;open-paystation;340169;0
2021-07-11 17:45:22;choose-method;340169;0
2021-07-11 17:46:32;accept-method;340169;0
2021-07-11 17:50:22;make-payment;340169;2998.62
2021-10-27 11:23:13;open-paystation;186762;0
2021-10-27 11:27:33;choose-method;186762;0
2021-10-27 11:28:47;accept-method;186762;0
2021-10-27 11:31:05;make-payment;186762;403.67
2021-11-01 01:23:21;open-paystation;186762;0
2021-11-01 01:26:42;choose-method;186762;0
2021-11-01 01:28:07;accept-method;186762;0
2021-11-01 01:30:11;make-payment;186762;2791.44
2021-11-10 03:33:51;open-paystation;186762;0
2021-11-10 03:38:03;choose-method;186762;0
2021-11-10 03:39:34;accept-method;186762;0
2021-11-10 03:44:15;reject-payment;186762;2705.59
2021-05-17 09:22:29;open-paystation;266716;0
2021-05-17 09:26:56;choose-method;266716;0
2021-05-17 09:28:20;accept-method;266716;0
2021-05-17 09:32:16;make-payment;266716;1987.09
2021-12-23 08:11:36;open-paystation;487543;0
2021-12-23 08:15:55;choose-method;487543;0
2021-12-23 08:17:48;accept-method;487543;0
2021-12-23 08:22:09;make-payment;487543;2229.01
2022-01-02 21:59:09;open-paystation;487543;0
2022-01-02 22:03:52;choose-method;487543;0
2022-01-02 22:06:31;accept-method;487543;0
2022-01-02 22:11:19;make-payment;487543;2357.91
2022-01-01 16:21:50;open-paystation;883599;0
2022-01-01 16:24:36;choose-method;883599;0
2022-01-01 16:27:26;accept-method;883599;0
2022-01-01 16:31:25;make-payment;883599;672.34
2021-04-22 04:47:13;open-paystation;916130;0
2021-04-22 04:49:56;choose-method;916130;0
2021-04-22 04:52:30;accept-method;916130;0
2021-04-22 04:55:22;make-payment;916130;1630.02
2021-06-19 14:52:07;open-paystation;655091;0
2021-06-19 14:55:04;choose-method;655091;0
2021-06-19 14:56:25;accept-method;655091;0
2021-06-19 15:01:10;make-payment;655091;2498.88
2021-08-28 19:30:51;open-paystation;557973;0
2021-08-28 19:35:02;choose-method;557973;0
2021-08-28 19:37:00;accept-method;557973;0
2021-08-28 19:38:20;reject-payment;557973;1151.27
2021-08-29 17:47:57;open-paystation;557973;0
2021-08-29 17:51:03;choose-method;557973;0
2021-08-29 17:52:27;accept-method;557973;0
2021-08-29 17:57:19;make-payment;557973;104.59
2021-09-05 09:54:54;open-paystation;557973;0
2021-09-05 09:59:03;choose-method;557973;0
2021-09-05 10:00:37;accept-method;557973;0
2021-09-05 10:03:59;make-payment;557973;187.40
2021-01-24 20:19:35;open-paystation;984345;0
2021-01-24 20:23:08;choose-method;984345;0
2021-01-24 20:24:16;accept-method;984345;0
2021-01-24 20:27:41;reject-payment;984345;932.31
2021-02-10 06:13:23;open-paystation;984345;0
2021-02-10 06:17:01;choose-method;984345;0
2021-02-10 06:19:58;accept-method;984345;0
2021-02-10 06:21:32;make-payment;984345;1829.24
2021-06-26 13:02:51;open-paystation;316452;0
2021-06-26 13:06:44;choose-method;316452;0
2021-06-26 13:09:39;accept-method;316452;0
2021-06-26 13:11:21;make-payment;316452;780.57
2021-07-02 10:00:04;open-paystation;316452;0
2021-07-02 10:03:01;choose-method;316452;0
2021-07-02 10:04:12;accept-method;316452;0
2021-07-02 10:06:53;reject-payment;316452;1518.06
2021-09-15 17:52:06;open-paystation;656275;0
2021-09-15 17:56:41;choose-method;656275;0
2021-09-15 17:59:13;accept-method;656275;0
2021-09-15 18:02:29;reject-payment;656275;543.83
2021-10-11 15:24:59;open-paystation;656275;0
2021-10-11 15:28:33;choose-method;656275;0
2021-10-11 15:30:21;accept-method;656275;0
2021-10-11 15:35:11;make-payment;656275;2607.66
2021-05-14 09:19:35;open-paystation;778205;0
2021-05-14 09:22:01;choose-method;778205;0
2021-05-14 09:24:00;accept-method;778205;0
2021-05-14 09:27:05;make-payment;778205;579.45
2021-06-30 17:40:02;open-paystation;763883;0
2021-06-30 17:42:41;choose-method;763883;0
2021-06-30 17:45:34;accept-method;763883;0
2021-06-30 17:50:09;make-payment;763883;974.59
2021-11-12 12:00:03;open-paystation;472688;0
2021-11-12 12:04:55;choose-method;472688;0
2021-11-12 12:07:33;accept-method;472688;0
2021-11-12 12:11:30;make-payment;472688;1207.50
2021-11-15 21:10:59;open-paystation;472688;0
2021-11-15 21:14:16;choose-method;472688;0
2021-11-15 21:15:45;accept-method;472688;0
2021-11-15 21:19:22;make-payment;472688;2659.00
2021-11-19 05:00:40;open-paystation;472688;0
2021-11-19 05:03:25;choose-method;472688;0
2021-11-19 05:05:12;accept-method;472688;0
2021-11-19 05:07:40;reject-payment;472688;2698.75
2021-11-20 16:05:57;open-paystation;472688;0
2021-11-20 16:10:18;choose-method;472688;0
2021-11-20 16:11:55;accept-method;472688;0
2021-11-20 16:13:43;make-payment;472688;148.41
2021-12-01 15:32:21;open-paystation;472688;0
2021-12-01 15:37:07;choose-method;472688;0
2021-12-01 15:40:00;accept-method;472688;0
2021-12-01 15:42:20;make-payment;472688;866.00
2021-12-15 22:35:41;open-paystation;671860;0
2021-12-15 22:38:52;choose-method;671860;0
2021-12-15 22:40:35;accept-method;671860;0
2021-12-15 22:44:24;reject-payment;671860;1110.62
2021-04-10 01:36:22;open-paystation;742884;0
2021-04-10 01:39:02;choose-method;742884;0
2021-04-10 01:40:07;accept-method;742884;0
2021-04-10 01:42:13;make-payment;742884;947.33
2021-03-03 10:22:26;open-paystation;318880;0
2021-03-03 10:26:52;choose-method;318880;0
2021-03-03 10:28:33;accept-method;318880;0
2021-03-03 10:30:44;make-payment;318880;570.19
2021-03-08 21:16:34;open-paystation;318880;0
2021-03-08 21:21:17;choose-method;318880;0
2021-03-08 21:22:51;accept-method;318880;0
2021-03-08 21:26:39;make-payment;318880;2098.65
2021-06-05 10:45:50;open-paystation;592640;0
2021-06-05 10:48:57;choose-method;592640;0
2021-06-05 10:51:18;accept-method;592640;0
2021-06-05 10:52:53;make-payment;592640;1940.62
2021-06-14 15:57:01;open-paystation;592640;0
2021-06-14 15:59:58;choose-method;592640;0
2021-06-14 16:02:40;accept-method;592640;0
2021-06-14 16:04:47;make-payment;592640;211.62
2021-06-18 14:27:21;open-paystation;592640;0
2021-06-18 14:31:38;choose-method;592640;0
2021-06-18 14:34:20;accept-method;592640;0
2021-06-18 14:38:31;make-payment;592640;2388.65
2021-08-12 19:18:33;open-paystation;305607;0
2021-08-12 19:21:15;choose-method;305607;0
2021-08-12 19:22:22;accept-method;305607;0
2021-08-12 19:26:01;make-payment;305607;154.00
2021-12-13 16:15:01;open-paystation;672986;0
2021-12-13 16:17:02;choose-method;672986;0
2021-12-13 16:19:59;accept-method;672986;0
2021-12-13 16:23:12;make-payment;672986;2933.49
2021-12-13 18:50:10;open-paystation;672986;0
2021-12-13 18:53:11;choose-method;672986;0
2021-12-13 18:54:38;accept-method;672986;0
2021-12-13 18:57:10;make-payment;672986;1111.93
2021-09-21 08:20:45;open-paystation;699221;0
2021-09-21 08:23:54;choose-method;699221;0
2021-09-21 08:25:07;accept-method;699221;0
2021-09-21 08:26:09;reject-payment;699221;798.74
2021-09-23 11:09:41;open-paystation;699221;0
2021-09-23 11:13:12;choose-method;699221;0
2021-09-23 11:14:55;accept-method;699221;0
2021-09-23 11:17:33;make-payment;699221;1115.79
2021-10-04 02:53:12;open-paystation;699221;0
2021-10-04 02:56:43;choose-method;699221;0
2021-10-04 02:58:13;accept-method;699221;0
2021-10-04 03:02:04;reject-payment;699221;2332.09
2021-12-17 07:13:11;open-paystation;848150;0
2021-12-17 07:16:54;choose-method;848150;0
2021-12-17 07:19:27;accept-method;848150;0
2021-12-17 07:22:58;make-payment;848150;2264.75
2021-03-04 04:49:49;open-paystation;521864;0
2021-03-04 04:54:19;choose-method;521864;0
2021-03-04 04:56:57;accept-method;521864;0
2021-03-04 04:59:24;reject-payment;521864;160.71
2021-03-04 16:00:30;open-paystation;521864;0
2021-03-04 16:03:21;choose-method;521864;0
2021-03-04 16:05:22;accept-method;521864;0
2021-03-04 16:09:38;make-payment;521864;484.27
2021-03-05 22:51:17;open-paystation;521864;0
2021-03-05 22:55:55;choose-method;521864;0
2021-03-05 22:57:03;accept-method;521864;0
2021-03-05 22:58:52;reject-payment;521864;2083.18
2021-03-16 09:14:15;open-paystation;521864;0
2021-03-16 09:16:55;choose-method;521864;0
2021-03-16 09:18:45;accept-method;521864;0
2021-03-16 09:22:09;reject-payment;521864;2930.22
2021-06-04 14:25:31;open-paystation;640125;0
2021-06-04 14:30:14;choose-method;640125;0
2021-06-04 14:32:22;accept-method;640125;0
2021-06-04 14:35:02;make-payment;640125;2665.73
2021-06-07 10:58:24;open-paystation;640125;0
2021-06-07 11:01:27;choose-method;640125;0
2021-06-07 11:02:41;accept-method;640125;0
2021-06-07 11:03:43;make-payment;640125;1412.35
2021-06-14 08:07:03;open-paystation;640125;0
2021-06-14 08:09:25;choose-method;640125;0
2021-06-14 08:10:42;accept-method;640125;0
2021-06-14 08:15:26;make-payment;640125;856.65
2021-06-22 12:01:38;open-paystation;640125;0
2021-06-22 12:05:12;choose-method;640125;0
2021-06-22 12:07:33;accept-method;640125;0
2021-06-22 12:09:41;make-payment;640125;2769.69
2021-11-30 21:52:52;open-paystation;175259;0
2021-11-30 21:55:49;choose-method;175259;0
2021-11-30 21:57:42;accept-method;175259;0
2021-11-30 21:59:05;make-payment;175259;402.44
2021-12-16 21:50:32;open-paystation;175259;0
2021-12-16 21:55:30;choose-method;175259;0
2021-12-16 21:58:10;accept-method;175259;0
2021-12-16 22:00:33;make-payment;175259;2975.97
2021-02-03 15:52:45;open-paystation;202676;0
2021-02-03 15:55:17;choose-method;202676;0
2021-02-03 15:57:21;accept-method;202676;0
2021-02-03 16:00:27;make-payment;202676;1466.87
2021-02-22 01:29:53;open-paystation;578308;0
2021-02-22 01:31:59;choose-method;578308;0
2021-02-22 01:33:40;accept-method;578308;0
2021-02-22 01:35:31;make-payment;578308;967.64
2021-02-28 18:25:22;open-paystation;578308;0
2021-02-28 18:27:38;choose-method;578308;0
2021-02-28 18:28:42;accept-method;578308;0
2021-02-28 18:33:06;make-payment;578308;2798.45
2021-12-02 04:10:39;open-paystation;871172;0
2021-12-02 04:15:34;choose-method;871172;0
2021-12-02 04:18:23;accept-method;871172;0
2021-12-02 04:20:43;make-payment;871172;1060.33
2021-12-16 04:48:16;open-paystation;871172;0
2021-12-16 04:50:41;choose-method;871172;0
2021-12-16 04:52:15;accept-method;871172;0
2021-12-16 04:56:29;make-payment;871172;2950.78
2021-12-21 08:14:49;open-paystation;871172;0
2021-12-21 08:19:31;choose-method;871172;0
2021-12-21 08:21:10;accept-method;871172;0
2021-12-21 08:22:47;make-payment;871172;420.98
2021-03-04 17:03:12;open-paystation;433147;0
2021-03-04 17:05:42;choose-method;433147;0
2021-03-04 17:08:24;accept-method;433147;0
2021-03-04 17:13:09;make-payment;433147;1724.97
2021-04-12 07:19:46;open-paystation;354765;0
2021-04-12 07:23:21;choose-method;354765;0
2021-04-12 07:24:55;accept-method;354765;0
2021-04-12 07:26:54;make-payment;354765;392.64
2021-12-06 09:43:08;open-paystation;551355;0
2021-12-06 09:47:57;choose-method;551355;0
2021-12-06 09:50:30;accept-method;551355;0
2021-12-06 09:54:33;reject-payment;551355;431.36
2021-12-23 14:49:53;open-paystation;551355;0
2021-12-23 14:52:24;choose-method;551355;0
2021-12-23 14:53:59;accept-method;551355;0
2021-12-23 14:56:03;make-payment;551355;1522.56
2021-12-30 05:17:56;open-paystation;738511;0
2021-12-30 05:20:26;choose-method;738511;0
2021-12-30 05:22:01;accept-method;738511;0
2021-12-30 05:26:31;make-payment;738511;1476.30
2022-01-15 03:03:21;open-paystation;738511;0
2022-01-15 03:05:27;choose-method;738511;0
2022-01-15 03:07:15;accept-method;738511;0
2022-01-15 03:11:47;make-payment;738511;1080.23
2021-06-04 07:24:37;open-paystation;234033;0
2021-06-04 07:28:56;choose-method;234033;0
2021-06-04 07:30:18;accept-method;234033;0
2021-06-04 07:31:29;make-payment;234033;1859.75
2021-06-18 09:25:34;open-paystation;234033;0
2021-06-18 09:30:28;choose-method;234033;0
2021-06-18 09:31:46;accept-method;234033;0
2021-06-18 09:32:49;make-payment;234033;490.66
2021-03-09 01:54:08;open-paystation;633174;0
2021-03-09 01:58:01;choose-method;633174;0
2021-03-09 02:00:48;accept-method;633174;0
2021-03-09 02:04:52;make-payment;633174;1394.03
2021-03-16 02:06:40;open-paystation;633174;0
2021-03-16 02:11:37;choose-method;633174;0
2021-03-16 02:13:09;accept-method;633174;0
2021-03-16 02:17:30;make-payment;633174;2615.13
2021-03-18 05:26:20;open-paystation;633174;0
2021-03-18 05:29:00;choose-method;633174;0
2021-03-18 05:31:09;accept-method;633174;0
2021-03-18 05:33:21;make-payment;633174;839.74
2021-10-23 23:13:26;open-paystation;819717;0
2021-10-23 23:17:14;choose-method;819717;0
2021-10-23 23:18:29;accept-method;819717;0
2021-10-23 23:23:13;make-payment;819717;766.27
2021-11-08 22:40:01;open-paystation;331275;0
2021-11-08 22:42:10;choose-method;331275;0
2021-11-08 22:43:37;accept-method;331275;0
2021-11-08 22:47:12;reject-payment;331275;1615.74
2021-11-13 19:07:38;open-paystation;331275;0
2021-11-13 19:11:41;choose-method;331275;0
2021-11-13 19:12:58;accept-method;331275;0
2021-11-13 19:15:11;make-payment;331275;2523.96
2021-09-02 15:11:06;open-paystation;306316;0
2021-09-02 15:15:47;choose-method;306316;0
2021-09-02 15:17:00;accept-method;306316;0
2021-09-02 15:19:43;make-payment;306316;1373.40
2021-09-10 00:16:00;open-paystation;306316;0
2021-09-10 00:20:28;choose-method;306316;0
2021-09-10 00:22:20;accept-method;306316;0
2021-09-10 00:25:17;reject-payment;306316;1808.43
2021-09-22 05:47:29;open-paystation;306316;0
2021-09-22 05:49:36;choose-method;306316;0
2021-09-22 05:50:52;accept-method;306316;0
2021-09-22 05:55:35;make-payment;306316;437.31
2021-09-24 20:15:05;open-paystation;306316;0
2021-09-24 20:18:47;choose-method;306316;0
2021-09-24 20:20:29;accept-method;306316;0
2021-09-24 20:22:03;make-payment;306316;823.58
2021-09-26 07:10:20;open-paystation;306316;0
2021-09-26 07:15:04;choose-method;306316;0
2021-09-26 07:18:01;accept-method;306316;0
2021-09-26 07:21:35;make-payment;306316;610.85
2021-10-01 15:12:48;open-paystation;306316;0
2021-10-01 15:15:57;choose-method;306316;0
2021-10-01 15:17:22;accept-method;306316;0
2021-10-01 15:18:51;make-payment;306316;2745.02
2021-10-03 22:48:43;open-paystation;306316;0
2021-10-03 22:52:11;choose-method;306316;0
2021-10-03 22:55:02;accept-method;306316;0
2021-10-03 22:58:00;make-payment;306316;2859.85
2021-08-13 18:51:23;open-paystation;477098;0
2021-08-13 18:54:15;choose-method;477098;0
2021-08-13 18:55:38;accept-method;477098;0
2021-08-13 18:58:21;reject-payment;477098;2489.40
2021-08-21 18:08:56;open-paystation;418541;0
2021-08-21 18:13:49;choose-method;418541;0
2021-08-21 18:16:26;accept-method;418541;0
2021-08-21 18:21:18;make-payment;418541;366.79
2021-08-31 19:18:32;open-paystation;418541;0
2021-08-31 19:22:54;choose-method;418541;0
2021-08-31 19:24:06;accept-method;418541;0
2021-08-31 19:26:02;make-payment;418541;1492.81
2021-03-15 05:34:05;open-paystation;142383;0
2021-03-15 05:38:24;choose-method;142383;0
2021-03-15 05:40:01;accept-method;142383;0
2021-03-15 05:41:10;reject-payment;142383;2886.18
2021-03-28 00:05:12;open-paystation;142383;0
2021-03-28 00:07:45;choose-method;142383;0
2021-03-28 00:10:17;accept-method;142383;0
2021-03-28 00:15:03;make-payment;142383;2039.68
2021-08-28 21:23:08;open-paystation;760628;0
2021-08-28 21:27:14;choose-method;760628;0
2021-08-28 21:28:35;accept-method;760628;0
2021-08-28 21:30:40;make-payment;760628;769.82
2021-08-30 10:05:43;open-paystation;760628;0
2021-08-30 10:09:38;choose-method;760628;0
2021-08-30 10:12:22;accept-method;760628;0
2021-08-30 10:14:19;make-payment;760628;2284.51