hitdatetime;action;clientid;payment_amount
2020-10-11 19:16:27;open-paystation;930950;0.00
2020-10-11 19:19:48;choose-method;930950;0.00
2020-10-11 19:21:38;accept-method;930950;0.00
2020-10-11 19:24:56;make-payment;930950;947.86
2020-10-17 13:06:54;open-paystation;930950;0.00
2020-10-17 13:11:40;choose-method;930950;0.00
2020-10-17 13:13:19;accept-method;930950;0.00
2020-10-17 13:17:32;make-payment;930950;1019.25
2020-10-23 16:22:25;open-paystation;930950;0.00
2020-10-23 16:27:17;choose-method;930950;0.00
2020-10-23 16:29:41;accept-method;930950;0.00
2020-10-23 16:32:20;make-payment;930950;2913.32
2020-10-30 06:51:44;open-paystation;930950;0.00
2020-10-30 06:54:32;choose-method;930950;0.00
2020-10-30 06:57:26;accept-method;930950;0.00
2020-10-30 07:00:02;make-payment;930950;2433.91
2020-11-10 22:39:06;open-paystation;930950;0.00
2020-11-10 22:42:41;choose-method;930950;0.00
2020-11-10 22:45:34;accept-method;930950;0.00
2020-11-10 22:49:58;reject-payment;930950;830.98
2020-11-29 01:21:18;open-paystation;930950;0.00
2020-11-29 01:24:22;choose-method;930950;0.00
2020-11-29 01:26:11;accept-method;930950;0.00
2020-11-29 01:28:14;make-payment;930950;2562.86
2020-10-19 20:00:57;open-paystation;933600;0.00
2020-10-19 20:05:41;choose-method;933600;0.00
2020-10-19 20:07:44;accept-method;933600;0.00
2020-10-19 20:11:34;make-payment;933600;2379.23
2020-12-24 11:44:19;open-paystation;607473;0.00
2020-12-24 11:49:15;choose-method;607473;0.00
2020-12-24 11:51:59;accept-method;607473;0.00
2020-12-24 11:53:35;reject-payment;607473;1231.01
2021-01-07 11:01:06;open-paystation;607473;0.00
2021-01-07 11:04:55;choose-method;607473;0.00
2021-01-07 11:06:30;accept-method;607473;0.00
2021-01-07 11:08:45;make-payment;607473;557.41
2021-01-06 12:02:39;open-paystation;454218;0.00
2021-01-06 12:05:20;choose-method;454218;0.00
2021-01-06 12:07:40;accept-method;454218;0.00
2021-01-06 12:10:26;reject-payment;454218;1395.22
2020-06-16 02:15:42;open-paystation;601136;0.00
2020-06-16 02:20:04;choose-method;601136;0.00
2020-06-16 02:22:05;accept-method;601136;0.00
2020-06-16 02:26:51;reject-payment;601136;420.75
2020-04-01 01:14:47;open-paystation;123878;0.00
2020-04-01 01:18:55;choose-method;123878;0.00
2020-04-01 01:20:42;accept-method;123878;0.00
2020-04-01 01:22:30;reject-payment;123878;1025.64
2020-04-22 03:48:16;open-paystation;233508;0.00
2020-04-22 03:50:34;choose-method;233508;0.00
2020-04-22 03:52:25;accept-method;233508;0.00
2020-04-22 03:55:38;make-payment;233508;1753.89
2020-03-30 21:06:05;open-paystation;101838;0.00
2020-03-30 21:10:56;choose-method;101838;0.00
2020-03-30 21:12:05;accept-method;101838;0.00
2020-03-30 21:16:22;reject-payment;101838;2361.66
2020-04-16 17:11:34;open-paystation;255008;0.00
2020-04-16 17:14:39;choose-method;255008;0.00
2020-04-16 17:16:47;accept-method;255008;0.00
2020-04-16 17:19:53;make-payment;255008;1120.26
2020-04-18 07:29:33;open-paystation;255008;0.00
2020-04-18 07:34:02;choose-method;255008;0.00
2020-04-18 07:36:47;accept-method;255008;0.00
2020-04-18 07:40:31;reject-payment;255008;2425.72
2020-04-30 09:30:03;open-paystation;255008;0.00
2020-04-30 09:35:01;choose-method;255008;0.00
2020-04-30 09:37:28;accept-method;255008;0.00
2020-04-30 09:42:18;make-payment;255008;248.27
2020-05-04 01:20:16;open-paystation;255008;0.00
2020-05-04 01:24:06;choose-method;255008;0.00
2020-05-04 01:25:40;accept-method;255008;0.00
2020-05-04 01:27:15;make-payment;255008;2303.49
2020-12-12 22:24:26;open-paystation;532504;0.00
2020-12-12 22:29:00;choose-method;532504;0.00
2020-12-12 22:30:47;accept-method;532504;0.00
2020-12-12 22:34:59;make-payment;532504;785.05
2020-06-01 16:44:04;open-paystation;581436;0.00
2020-06-01 16:48:35;choose-method;581436;0.00
2020-06-01 16:50:06;accept-method;581436;0.00
2020-06-01 16:52:24;make-payment;581436;1048.30
2020-09-04 21:31:03;open-paystation;501119;0.00
2020-09-04 21:33:42;choose-method;501119;0.00
2020-09-04 21:36:15;accept-method;501119;0.00
2020-09-04 21:39:27;reject-payment;501119;2762.49
2020-12-19 11:13:20;open-paystation;924537;0.00
2020-12-19 11:18:07;choose-method;924537;0.00
2020-12-19 11:20:00;accept-method;924537;0.00
2020-12-19 11:23:13;reject-payment;924537;1675.93
2021-01-06 15:27:29;open-paystation;924537;0.00
2021-01-06 15:32:04;choose-method;924537;0.00
2021-01-06 15:33:54;accept-method;924537;0.00
2021-01-06 15:35:11;make-payment;924537;745.36
2020-04-04 20:17:11;open-paystation;614024;0.00
2020-04-04 20:20:25;choose-method;614024;0.00
2020-04-04 20:23:07;accept-method;614024;0.00
2020-04-04 20:27:23;reject-payment;614024;2238.48
2020-07-08 15:48:39;open-paystation;548379;0.00
2020-07-08 15:52:54;choose-method;548379;0.00
2020-07-08 15:55:07;accept-method;548379;0.00
2020-07-08 15:59:31;reject-payment;548379;2945.02
2020-07-14 17:42:27;open-paystation;548379;0.00
2020-07-14 17:47:24;choose-method;548379;0.00
2020-07-14 17:48:29;accept-method;548379;0.00
2020-07-14 17:51:05;make-payment;548379;366.23
2020-02-19 13:14:57;open-paystation;610577;0.00
2020-02-19 13:19:49;choose-method;610577;0.00
2020-02-19 13:21:48;accept-method;610577;0.00
2020-02-19 13:24:39;make-payment;610577;2742.18
2020-09-20 08:27:52;open-paystation;541125;0.00
2020-09-20 08:30:45;choose-method;541125;0.00
2020-09-20 08:31:56;accept-method;541125;0.00
2020-09-20 08:33:49;reject-payment;541125;2701.63
2020-10-02 07:04:12;open-paystation;541125;0.00
2020-10-02 07:07:35;choose-method;541125;0.00
2020-10-02 07:09:47;accept-method;541125;0.00
2020-10-02 07:14:12;make-payment;541125;1359.97
2020-09-24 07:27:00;open-paystation;380741;0.00
2020-09-24 07:31:06;choose-method;380741;0.00
2020-09-24 07:34:02;accept-method;380741;0.00
2020-09-24 07:38:07;make-payment;380741;685.20
2020-11-17 23:37:43;open-paystation;103716;0.00
2020-11-17 23:42:10;choose-method;103716;0.00
2020-11-17 23:43:55;accept-method;103716;0.00
2020-11-17 23:47:02;make-payment;103716;883.79
2020-06-18 00:45:09;open-paystation;359953;0.00
2020-06-18 00:49:11;choose-method;359953;0.00
2020-06-18 00:51:53;accept-method;359953;0.00
2020-06-18 00:55:52;make-payment;359953;799.01
2020-07-06 08:33:21;open-paystation;359953;0.00
2020-07-06 08:35:36;choose-method;359953;0.00
2020-07-06 08:37:46;accept-method;359953;0.00
2020-07-06 08:40:03;reject-payment;359953;1831.07
2020-07-16 11:24:18;open-paystation;359953;0.00
2020-07-16 11:29:17;choose-method;359953;0.00
2020-07-16 11:30:38;accept-method;359953;0.00
2020-07-16 11:34:35;reject-payment;359953;2727.16
2020-07-19 08:16:03;open-paystation;359953;0.00
2020-07-19 08:18:27;choose-method;359953;0.00
2020-07-19 08:21:10;accept-method;359953;0.00
2020-07-19 08:22:33;make-payment;359953;2287.15
2020-01-29 04:56:08;open-paystation;269083;0.00
2020-01-29 04:59:55;choose-method;269083;0.00
2020-01-29 05:02:05;accept-method;269083;0.00
2020-01-29 05:06:16;make-payment;269083;1529.47
2020-02-14 16:45:40;open-paystation;269083;0.00
2020-02-14 16:50:32;choose-method;269083;0.00
2020-02-14 16:53:18;accept-method;269083;0.00
2020-02-14 16:56:16;make-payment;269083;423.23
2020-11-19 06:12:29;open-paystation;415242;0.00
2020-11-19 06:14:56;choose-method;415242;0.00
2020-11-19 06:17:33;accept-method;415242;0.00
2020-11-19 06:18:59;reject-payment;415242;1219.28
2020-11-21 22:23:25;open-paystation;415242;0.00
2020-11-21 22:25:51;choose-method;415242;0.00
2020-11-21 22:27:54;accept-method;415242;0.00
2020-11-21 22:29:24;make-payment;415242;671.04
2020-10-17 20:24:20;open-paystation;245266;0.00
2020-10-17 20:28:43;choose-method;245266;0.00
2020-10-17 20:30:16;accept-method;245266;0.00
2020-10-17 20:31:34;make-payment;245266;2883.27
2020-10-26 12:36:47;open-paystation;245266;0.00
2020-10-26 12:39:26;choose-method;245266;0.00
2020-10-26 12:41:47;accept-method;245266;0.00
2020-10-26 12:43:56;make-payment;245266;1867.02
2020-07-11 00:50:27;open-paystation;846159;0.00
2020-07-11 00:53:41;choose-method;846159;0.00
2020-07-11 00:55:31;accept-method;846159;0.00
2020-07-11 00:57:34;make-payment;846159;728.53
2020-07-11 16:48:43;open-paystation;846159;0.00
2020-07-11 16:50:49;choose-method;846159;0.00
2020-07-11 16:53:14;accept-method;846159;0.00
2020-07-11 16:55:18;make-payment;846159;1814.05
2020-09-05 05:44:34;open-paystation;348471;0.00
2020-09-05 05:48:38;choose-method;348471;0.00
2020-09-05 05:51:28;accept-method;348471;0.00
2020-09-05 05:56:23;reject-payment;348471;1093.19
2020-09-11 06:40:37;open-paystation;348471;0.00
2020-09-11 06:44:51;choose-method;348471;0.00
2020-09-11 06:46:40;accept-method;348471;0.00
2020-09-11 06:48:47;make-payment;348471;1377.93
2020-09-15 03:15:24;open-paystation;348471;0.00
2020-09-15 03:19:22;choose-method;348471;0.00
2020-09-15 03:20:56;accept-method;348471;0.00
2020-09-15 03:23:48;make-payment;348471;1503.50
2020-09-25 03:14:02;open-paystation;348471;0.00
2020-09-25 03:16:46;choose-method;348471;0.00
2020-09-25 03:18:04;accept-method;348471;0.00
2020-09-25 03:20:17;make-payment;348471;2541.61
2020-10-07 11:45:30;open-paystation;348471;0.00
2020-10-07 11:49:57;choose-method;348471;0.00
2020-10-07 11:51:01;accept-method;348471;0.00
2020-10-07 11:54:10;make-payment;348471;1817.35
2020-03-04 12:26:01;open-paystation;694592;0.00
2020-03-04 12:28:28;choose-method;694592;0.00
2020-03-04 12:30:24;accept-method;694592;0.00
2020-03-04 12:35:20;reject-payment;694592;1907.78
2020-03-11 11:18:46;open-paystation;694592;0.00
2020-03-11 11:23:28;choose-method;694592;0.00
2020-03-11 11:26:13;accept-method;694592;0.00
2020-03-11 11:30:36;make-payment;694592;142.13
2020-06-16 01:57:17;open-paystation;940045;0.00
2020-06-16 02:00:04;choose-method;940045;0.00
2020-06-16 02:02:48;accept-method;940045;0.00
2020-06-16 02:06:30;make-payment;940045;2685.57
2020-07-03 20:16:05;open-paystation;577511;0.00
2020-07-03 20:20:07;choose-method;577511;0.00
2020-07-03 20:21:16;accept-method;577511;0.00
2020-07-03 20:23:24;make-payment;577511;1111.86
2020-12-19 17:49:16;open-paystation;788205;0.00
2020-12-19 17:52:01;choose-method;788205;0.00
2020-12-19 17:53:42;accept-method;788205;0.00
2020-12-19 17:57:53;make-payment;788205;1302.89
2020-01-28 08:07:50;open-paystation;260135;0.00
2020-01-28 08:11:18;choose-method;260135;0.00
2020-01-28 08:13:03;accept-method;260135;0.00
2020-01-28 08:15:10;make-payment;260135;1814.02
2020-02-01 07:15:38;open-paystation;260135;0.00
2020-02-01 07:20:33;choose-method;260135;0.00
2020-02-01 07:21:35;accept-method;260135;0.00
2020-02-01 07:25:11;reject-payment;260135;228.19
2020-02-05 07:45:22;open-paystation;260135;0.00
2020-02-05 07:48:36;choose-method;260135;0.00
2020-02-05 07:50:14;accept-method;260135;0.00
2020-02-05 07:52:00;make-payment;260135;2660.31
2020-02-29 09:22:19;open-paystation;260135;0.00
2020-02-29 09:26:06;choose-method;260135;0.00
2020-02-29 09:28:07;accept-method;260135;0.00
2020-02-29 09:29:44;make-payment;260135;2350.77
2020-03-04 03:08:09;open-paystation;260135;0.00
2020-03-04 03:10:26;choose-method;260135;0.00
2020-03-04 03:12:03;accept-method;260135;0.00
2020-03-04 03:15:45;make-payment;260135;190.07
2020-05-18 22:10:45;open-paystation;374356;0.00
2020-05-18 22:13:55;choose-method;374356;0.00
2020-05-18 22:15:54;accept-method;374356;0.00
2020-05-18 22:20:37;make-payment;374356;784.48
2020-12-06 18:32:07;open-paystation;524016;0.00
2020-12-06 18:35:39;choose-method;524016;0.00
2020-12-06 18:37:17;accept-method;524016;0.00
2020-12-06 18:38:50;make-payment;524016;783.26
2020-09-04 01:13:39;open-paystation;553628;0.00
2020-09-04 01:15:52;choose-method;553628;0.00
2020-09-04 01:17:09;accept-method;553628;0.00
2020-09-04 01:19:27;make-payment;553628;1539.83
2020-09-08 06:47:02;open-paystation;553628;0.00
2020-09-08 06:51:34;choose-method;553628;0.00
2020-09-08 06:53:52;accept-method;553628;0.00
2020-09-08 06:57:57;make-payment;553628;2589.90
2020-09-16 20:17:11;open-paystation;553628;0.00
2020-09-16 20:21:28;choose-method;553628;0.00
2020-09-16 20:22:47;accept-method;553628;0.00
2020-09-16 20:26:01;make-payment;553628;1920.21
2020-09-23 20:27:32;open-paystation;553628;0.00
2020-09-23 20:31:50;choose-method;553628;0.00
2020-09-23 20:34:39;accept-method;553628;0.00
2020-09-23 20:38:15;make-payment;553628;2156.66
2020-03-20 00:44:59;open-paystation;704287;0.00
2020-03-20 00:49:26;choose-method;704287;0.00
2020-03-20 00:51:46;accept-method;704287;0.00
2020-03-20 00:54:15;make-payment;704287;1389.81
2020-03-24 05:20:35;open-paystation;704287;0.00
2020-03-24 05:23:15;choose-method;704287;0.00
2020-03-24 05:26:13;accept-method;704287;0.00
2020-03-24 05:28:26;reject-payment;704287;2805.46
2020-06-05 20:20:42;open-paystation;871406;0.00
2020-06-05 20:24:55;choose-method;871406;0.00
2020-06-05 20:27:03;accept-method;871406;0.00
2020-06-05 20:30:45;make-payment;871406;2522.47
2020-06-10 17:17:22;open-paystation;871406;0.00
2020-06-10 17:19:46;choose-method;871406;0.00
2020-06-10 17:20:56;accept-method;871406;0.00
2020-06-10 17:23:54;make-payment;871406;995.36
2020-02-04 15:58:22;open-paystation;898039;0.00
2020-02-04 16:02:55;choose-method;898039;0.00
2020-02-04 16:05:23;accept-method;898039;0.00
2020-02-04 16:06:25;reject-payment;898039;2057.27
2021-01-05 07:20:41;open-paystation;336011;0.00
2021-01-05 07:25:06;choose-method;336011;0.00
2021-01-05 07:27:42;accept-method;336011;0.00
2021-01-05 07:30:19;make-payment;336011;787.61
2020-09-05 01:47:53;open-paystation;955581;0.00
2020-09-05 01:51:38;choose-method;955581;0.00
2020-09-05 01:53:48;accept-method;955581;0.00
2020-09-05 01:57:41;make-payment;955581;2171.64
2020-09-07 10:40:39;open-paystation;955581;0.00
2020-09-07 10:44:10;choose-method;955581;0.00
2020-09-07 10:47:04;accept-method;955581;0.00
2020-09-07 10:51:09;make-payment;955581;2538.90
2020-09-11 04:20:17;open-paystation;955581;0.00
2020-09-11 04:24:15;choose-method;955581;0.00
2020-09-11 04:26:20;accept-method;955581;0.00
2020-09-11 04:30:52;make-payment;955581;2241.69
2020-09-21 23:36:46;open-paystation;955581;0.00
2020-09-21 23:39:23;choose-method;955581;0.00
2020-09-21 23:41:45;accept-method;955581;0.00
2020-09-21 23:45:54;reject-payment;955581;1072.67
2020-02-19 17:23:34;open-paystation;985971;0.00
2020-02-19 17:27:48;choose-method;985971;0.00
2020-02-19 17:30:07;accept-method;985971;0.00
2020-02-19 17:34:42;make-payment;985971;1244.76
2020-07-28 13:58:05;open-paystation;189902;0.00
2020-07-28 14:02:42;choose-method;189902;0.00
2020-07-28 14:05:39;accept-method;189902;0.00
2020-07-28 14:08:50;make-payment;189902;559.96
2020-08-10 22:08:56;open-paystation;189902;0.00
2020-08-10 22:13:25;choose-method;189902;0.00
2020-08-10 22:16:21;accept-method;189902;0.00
2020-08-10 22:19:03;make-payment;189902;2473.63
2020-08-19 18:09:29;open-paystation;189902;0.00
2020-08-19 18:13:22;choose-method;189902;0.00
2020-08-19 18:15:01;accept-method;189902;0.00
2020-08-19 18:16:17;make-payment;189902;2367.31
2020-08-23 16:57:34;open-paystation;189902;0.00
2020-08-23 17:02:25;choose-method;189902;0.00
2020-08-23 17:04:46;accept-method;189902;0.00
2020-08-23 17:06:40;make-payment;189902;498.15
2020-08-24 19:38:03;open-paystation;189902;0.00
2020-08-24 19:40:30;choose-method;189902;0.00
2020-08-24 19:43:02;accept-method;189902;0.00
2020-08-24 19:48:01;make-payment;189902;2742.29
2020-12-28 09:50:10;open-paystation;695618;0.00
2020-12-28 09:53:32;choose-method;695618;0.00
2020-12-28 09:55:29;accept-method;695618;0.00
2020-12-28 09:58:15;make-payment;695618;727.33
2021-01-04 07:15:15;open-paystation;695618;0.00
2021-01-04 07:20:01;choose-method;695618;0.00
2021-01-04 07:21:53;accept-method;695618;0.00
2021-01-04 07:25:32;make-payment;695618;2218.71
2020-08-30 17:52:18;open-paystation;434079;0.00
2020-08-30 17:55:10;choose-method;434079;0.00
2020-08-30 17:56:21;accept-method;434079;0.00
2020-08-30 18:01:20;reject-payment;434079;2739.59
2020-09-06 07:59:30;open-paystation;434079;0.00
2020-09-06 08:03:28;choose-method;434079;0.00
2020-09-06 08:05:25;accept-method;434079;0.00
2020-09-06 08:09:48;make-payment;434079;2509.47
2020-09-10 01:15:15;open-paystation;434079;0.00
2020-09-10 01:19:33;choose-method;434079;0.00
2020-09-10 01:22:04;accept-method;434079;0.00
2020-09-10 01:23:25;reject-payment;434079;2461.43
2020-05-19 14:01:57;open-paystation;649690;0.00
2020-05-19 14:04:59;choose-method;649690;0.00
2020-05-19 14:07:32;accept-method;649690;0.00
2020-05-19 14:09:28;make-payment;649690;236.35
2020-07-12 23:00:07;open-paystation;852166;0.00
2020-07-12 23:04:04;choose-method;852166;0.00
2020-07-12 23:06:35;accept-method;852166;0.00
2020-07-12 23:09:20;make-payment;852166;1165.77
2020-07-22 22:56:42;open-paystation;852166;0.00
2020-07-22 22:59:06;choose-method;852166;0.00
2020-07-22 23:01:48;accept-method;852166;0.00
2020-07-22 23:04:23;make-payment;852166;576.75
2020-12-16 05:10:40;open-paystation;400445;0.00
2020-12-16 05:14:29;choose-method;400445;0.00
2020-12-16 05:15:30;accept-method;400445;0.00
2020-12-16 05:19:54;make-payment;400445;835.30
2020-12-20 18:08:14;open-paystation;400445;0.00
2020-12-20 18:11:47;choose-method;400445;0.00
2020-12-20 18:13:54;accept-method;400445;0.00
2020-12-20 18:18:24;make-payment;400445;2685.36
2020-12-25 05:32:41;open-paystation;774499;0.00
2020-12-25 05:35:06;choose-method;774499;0.00
2020-12-25 05:36:34;accept-method;774499;0.00
2020-12-25 05:41:09;make-payment;774499;1900.02
2021-01-05 16:55:53;open-paystation;762205;0.00
2021-01-05 16:59:34;choose-method;762205;0.00
2021-01-05 17:02:17;accept-method;762205;0.00
2021-01-05 17:07:03;reject-payment;762205;1692.14
2020-05-28 09:09:30;open-paystation;427407;0.00
2020-05-28 09:12:41;choose-method;427407;0.00
2020-05-28 09:15:33;accept-method;427407;0.00
2020-05-28 09:17:01;make-payment;427407;1374.73
2020-05-30 21:28:08;open-paystation;199942;0.00
2020-05-30 21:30:21;choose-method;199942;0.00
2020-05-30 21:31:50;accept-method;199942;0.00
2020-05-30 21:36:22;make-payment;199942;1863.23
2020-06-10 02:38:47;open-paystation;199942;0.00
2020-06-10 02:41:38;choose-method;199942;0.00
2020-06-10 02:43:26;accept-method;199942;0.00
2020-06-10 02:45:32;make-payment;199942;1189.40
2020-06-07 10:46:03;open-paystation;767717;0.00
2020-06-07 10:50:38;choose-method;767717;0.00
2020-06-07 10:52:12;accept-method;767717;0.00
2020-06-07 10:54:24;make-payment;767717;1023.94
2020-06-12 15:08:22;open-paystation;767717;0.00
2020-06-12 15:13:04;choose-method;767717;0.00
2020-06-12 15:16:01;accept-method;767717;0.00
2020-06-12 15:20:15;make-payment;767717;528.98
2020-03-05 01:28:49;open-paystation;929329;0.00
2020-03-05 01:32:42;choose-method;929329;0.00
2020-03-05 01:35:32;accept-method;929329;0.00
2020-03-05 01:40:17;make-payment;929329;1839.25
2020-05-14 09:44:10;open-paystation;764352;0.00
2020-05-14 09:47:56;choose-method;764352;0.00
2020-05-14 09:49:59;accept-method;764352;0.00
2020-05-14 09:54:19;make-payment;764352;141.88
2020-05-23 03:52:24;open-paystation;764352;0.00
2020-05-23 03:54:40;choose-method;764352;0.00
2020-05-23 03:57:17;accept-method;764352;0.00
2020-05-23 03:58:48;make-payment;764352;2273.06
2020-05-26 06:33:33;open-paystation;764352;0.00
2020-05-26 06:36:06;choose-method;764352;0.00
2020-05-26 06:37:43;accept-method;764352;0.00
2020-05-26 06:39:25;make-payment;764352;114.82
2020-06-04 17:07:10;open-paystation;764352;0.00
2020-06-04 17:11:58;choose-method;764352;0.00
2020-06-04 17:13:26;accept-method;764352;0.00
2020-06-04 17:17:38;reject-payment;764352;2458.55
2020-06-05 23:28:27;open-paystation;764352;0.00
2020-06-05 23:32:23;choose-method;764352;0.00
2020-06-05 23:34:50;accept-method;764352;0.00
2020-06-05 23:38:49;make-payment;764352;1558.11
2020-05-23 00:16:51;open-paystation;129298;0.00
2020-05-23 00:20:31;choose-method;129298;0.00
2020-05-23 00:22:46;accept-method;129298;0.00
2020-05-23 00:26:36;reject-payment;129298;1456.19
2020-12-20 22:31:38;open-paystation;691925;0.00
2020-12-20 22:36:27;choose-method;691925;0.00
2020-12-20 22:38:02;accept-method;691925;0.00
2020-12-20 22:42:33;reject-payment;691925;1020.51
2020-11-23 12:28:41;open-paystation;593115;0.00
2020-11-23 12:31:21;choose-method;593115;0.00
2020-11-23 12:34:05;accept-method;593115;0.00
2020-11-23 12:36:37;make-payment;593115;784.23
2020-01-28 20:22:45;open-paystation;522354;0.00
2020-01-28 20:25:10;choose-method;522354;0.00
2020-01-28 20:26:18;accept-method;522354;0.00
2020-01-28 20:30:45;reject-payment;522354;498.11
2020-02-01 13:15:10;open-paystation;522354;0.00
2020-02-01 13:18:36;choose-method;522354;0.00
2020-02-01 13:19:49;accept-method;522354;0.00
2020-02-01 13:24:23;make-payment;522354;480.60
2020-02-05 05:25:59;open-paystation;522354;0.00
2020-02-05 05:29:02;choose-method;522354;0.00
2020-02-05 05:31:05;accept-method;522354;0.00
2020-02-05 05:35:28;make-payment;522354;1412.35
2020-10-23 16:48:19;open-paystation;392929;0.00
2020-10-23 16:50:23;choose-method;392929;0.00
2020-10-23 16:53:14;accept-method;392929;0.00
2020-10-23 16:55:01;make-payment;392929;2814.45
2020-10-27 10:14:59;open-paystation;392929;0.00
2020-10-27 10:18:47;choose-method;392929;0.00
2020-10-27 10:20:38;accept-method;392929;0.00
2020-10-27 10:25:19;make-payment;392929;1242.26
2020-11-05 20:22:39;open-paystation;392929;0.00
2020-11-05 20:24:54;choose-method;392929;0.00
2020-11-05 20:27:06;accept-method;392929;0.00
2020-11-05 20:28:41;make-payment;392929;1026.95
2020-06-01 19:05:45;open-paystation;132547;0.00
2020-06-01 19:08:50;choose-method;132547;0.00
2020-06-01 19:11:46;accept-method;132547;0.00
2020-06-01 19:14:02;reject-payment;132547;676.96
2020-02-18 12:09:50;open-paystation;428261;0.00
2020-02-18 12:14:33;choose-method;428261;0.00
2020-02-18 12:17:31;accept-method;428261;0.00
2020-02-18 12:22:14;make-payment;428261;1869.78
2020-12-26 15:39:56;open-paystation;369610;0.00
2020-12-26 15:43:14;choose-method;369610;0.00
2020-12-26 15:46:12;accept-method;369610;0.00
2020-12-26 15:47:27;make-payment;369610;2641.67
2020-12-27 06:45:47;open-paystation;369610;0.00
2020-12-27 06:49:54;choose-method;369610;0.00
2020-12-27 06:51:26;accept-method;369610;0.00
2020-12-27 06:55:55;make-payment;369610;2744.84
2020-08-15 20:01:53;open-paystation;347184;0.00
2020-08-15 20:06:39;choose-method;347184;0.00
2020-08-15 20:09:32;accept-method;347184;0.00
2020-08-15 20:13:04;reject-payment;347184;1316.21
2020-09-18 12:18:38;open-paystation;347184;0.00
2020-09-18 12:21:58;choose-method;347184;0.00
2020-09-18 12:24:44;accept-method;347184;0.00
2020-09-18 12:27:25;make-payment;347184;1691.49
2020-07-15 08:08:47;open-paystation;828527;0.00
2020-07-15 08:13:13;choose-method;828527;0.00
2020-07-15 08:15:28;accept-method;828527;0.00
2020-07-15 08:18:54;make-payment;828527;2849.57
2020-01-24 06:21:33;open-paystation;311479;0.00
2020-01-24 06:24:09;choose-method;311479;0.00
2020-01-24 06:25:50;accept-method;311479;0.00
2020-01-24 06:28:00;make-payment;311479;991.68
2020-01-13 21:34:27;open-paystation;220214;0.00
2020-01-13 21:37:10;choose-method;220214;0.00
2020-01-13 21:39:43;accept-method;220214;0.00
2020-01-13 21:43:27;make-payment;220214;1990.43
2020-02-08 19:12:39;open-paystation;719967;0.00
2020-02-08 19:14:42;choose-method;719967;0.00
2020-02-08 19:17:06;accept-method;719967;0.00
2020-02-08 19:21:38;reject-payment;719967;1158.26
2020-02-16 07:09:05;open-paystation;719967;0.00
2020-02-16 07:12:04;choose-method;719967;0.00
2020-02-16 07:13:31;accept-method;719967;0.00
2020-02-16 07:18:27;make-payment;719967;1312.92
2020-02-27 05:02:25;open-paystation;719967;0.00
2020-02-27 05:06:10;choose-method;719967;0.00
2020-02-27 05:07:13;accept-method;719967;0.00
2020-02-27 05:08:50;make-payment;719967;161.18
2020-03-03 15:12:26;open-paystation;719967;0.00
2020-03-03 15:14:41;choose-method;719967;0.00
2020-03-03 15:15:50;accept-method;719967;0.00
2020-03-03 15:17:34;make-payment;719967;145.75
2020-07-15 10:08:02;open-paystation;855837;0.00
2020-07-15 10:10:51;choose-method;855837;0.00
2020-07-15 10:12:01;accept-method;855837;0.00
2020-07-15 10:15:41;make-payment;855837;1430.26
2020-07-19 01:16:32;open-paystation;855837;0.00
2020-07-19 01:21:04;choose-method;855837;0.00
2020-07-19 01:22:51;accept-method;855837;0.00
2020-07-19 01:24:40;make-payment;855837;2678.14
2020-07-26 08:33:02;open-paystation;855837;0.00
2020-07-26 08:35:28;choose-method;855837;0.00
2020-07-26 08:38:19;accept-method;855837;0.00
2020-07-26 08:42:49;make-payment;855837;646.15
2020-08-07 23:04:41;open-paystation;855837;0.00
2020-08-07 23:09:04;choose-method;855837;0.00
2020-08-07 23:11:14;accept-method;855837;0.00
2020-08-07 23:16:06;make-payment;855837;2358.72
2020-03-06 21:28:47;open-paystation;222807;0.00
2020-03-06 21:31:18;choose-method;222807;0.00
2020-03-06 21:33:29;accept-method;222807;0.00
2020-03-06 21:35:20;make-payment;222807;2703.61
2020-03-12 19:32:15;open-paystation;222807;0.00
2020-03-12 19:36:23;choose-method;222807;0.00
2020-03-12 19:38:52;accept-method;222807;0.00
2020-03-12 19:40:18;reject-payment;222807;1912.44
2020-03-15 15:40:14;open-paystation;382643;0.00
2020-03-15 15:44:05;choose-method;382643;0.00
2020-03-15 15:46:32;accept-method;382643;0.00
2020-03-15 15:49:07;make-payment;382643;1091.44
2020-06-21 04:41:38;open-paystation;485368;0.00
2020-06-21 04:46:16;choose-method;485368;0.00
2020-06-21 04:48:56;accept-method;485368;0.00
2020-06-21 04:50:34;make-payment;485368;2349.32
2020-07-03 23:12:20;open-paystation;485368;0.00
2020-07-03 23:15:02;choose-method;485368;0.00
2020-07-03 23:17:56;accept-method;485368;0.00
2020-07-03 23:22:04;make-payment;485368;480.85
2020-07-05 23:48:11;open-paystation;485368;0.00
2020-07-05 23:51:32;choose-method;485368;0.00
2020-07-05 23:54:30;accept-method;485368;0.00
2020-07-05 23:58:36;make-payment;485368;433.22
2020-07-12 15:45:45;open-paystation;485368;0.00
2020-07-12 15:48:27;choose-method;485368;0.00
2020-07-12 15:51:04;accept-method;485368;0.00
2020-07-12 15:54:35;make-payment;485368;2057.08
2020-07-18 04:08:48;open-paystation;485368;0.00
2020-07-18 04:12:15;choose-method;485368;0.00
2020-07-18 04:13:30;accept-method;485368;0.00
2020-07-18 04:15:33;make-payment;485368;1114.42
2020-04-21 05:12:53;open-paystation;399420;0.00
2020-04-21 05:16:37;choose-method;399420;0.00
2020-04-21 05:18:52;accept-method;399420;0.00
2020-04-21 05:21:00;make-payment;399420;1778.42
2020-11-16 15:13:49;open-paystation;480905;0.00
2020-11-16 15:16:58;choose-method;480905;0.00
2020-11-16 15:18:13;accept-method;480905;0.00
2020-11-16 15:22:54;make-payment;480905;1352.26
2020-11-21 17:34:48;open-paystation;480905;0.00
2020-11-21 17:37:56;choose-method;480905;0.00
2020-11-21 17:39:48;accept-method;480905;0.00
2020-11-21 17:44:10;make-payment;480905;1850.86
2020-11-05 15:55:30;open-paystation;712702;0.00
2020-11-05 15:57:51;choose-method;712702;0.00
2020-11-05 16:00:46;accept-method;712702;0.00
2020-11-05 16:05:03;reject-payment;712702;2723.91
2020-11-12 04:20:59;open-paystation;712702;0.00
2020-11-12 04:24:24;choose-method;712702;0.00
2020-11-12 04:25:35;accept-method;712702;0.00
2020-11-12 04:28:19;make-payment;712702;480.88
2020-11-25 16:04:20;open-paystation;712702;0.00
2020-11-25 16:09:15;choose-method;712702;0.00
2020-11-25 16:11:56;accept-method;712702;0.00
2020-11-25 16:13:44;make-payment;712702;2734.87
2020-09-24 06:24:30;open-paystation;610936;0.00
2020-09-24 06:27:05;choose-method;610936;0.00
2020-09-24 06:28:30;accept-method;610936;0.00
2020-09-24 06:30:55;make-payment;610936;2415.54
2020-09-26 19:08:04;open-paystation;610936;0.00
2020-09-26 19:10:12;choose-method;610936;0.00
2020-09-26 19:12:58;accept-method;610936;0.00
2020-09-26 19:14:09;make-payment;610936;2080.15
2020-10-04 10:54:47;open-paystation;610936;0.00
2020-10-04 10:59:31;choose-method;610936;0.00
2020-10-04 11:01:24;accept-method;610936;0.00
2020-10-04 11:03:30;make-payment;610936;2458.79
2020-10-11 12:34:31;open-paystation;610936;0.00
2020-10-11 12:37:24;choose-method;610936;0.00
2020-10-11 12:39:18;accept-method;610936;0.00
2020-10-11 12:43:46;make-payment;610936;518.12
2020-12-24 11:18:48;open-paystation;712901;0.00
2020-12-24 11:23:27;choose-method;712901;0.00
2020-12-24 11:25:59;accept-method;712901;0.00
2020-12-24 11:29:02;reject-payment;712901;291.11
2020-03-04 16:58:05;open-paystation;263107;0.00
2020-03-04 17:00:28;choose-method;263107;0.00
2020-03-04 17:01:41;accept-method;263107;0.00
2020-03-04 17:06:18;reject-payment;263107;1072.91
2020-12-15 12:39:32;open-paystation;916524;0.00
2020-12-15 12:42:03;choose-method;916524;0.00
2020-12-15 12:44:41;accept-method;916524;0.00
2020-12-15 12:47:02;reject-payment;916524;1985.10
2020-05-17 05:16:09;open-paystation;893806;0.00
2020-05-17 05:19:32;choose-method;893806;0.00
2020-05-17 05:21:48;accept-method;893806;0.00
2020-05-17 05:23:42;make-payment;893806;2918.24
2020-05-19 22:13:23;open-paystation;893806;0.00
2020-05-19 22:15:41;choose-method;893806;0.00
2020-05-19 22:17:23;accept-method;893806;0.00
2020-05-19 22:20:43;make-payment;893806;1336.10
2020-08-19 02:35:01;open-paystation;128144;0.00
2020-08-19 02:37:25;choose-method;128144;0.00
2020-08-19 02:40:10;accept-method;128144;0.00
2020-08-19 02:42:08;make-payment;128144;2100.62
2020-08-28 20:11:47;open-paystation;128144;0.00
2020-08-28 20:14:46;choose-method;128144;0.00
2020-08-28 20:17:43;accept-method;128144;0.00
2020-08-28 20:22:14;make-payment;128144;1237.62
2020-09-06 05:21:24;open-paystation;128144;0.00
2020-09-06 05:26:18;choose-method;128144;0.00
2020-09-06 05:28:34;accept-method;128144;0.00
2020-09-06 05:29:51;make-payment;128144;1401.95
2020-09-25 17:55:24;open-paystation;579369;0.00
2020-09-25 17:59:04;choose-method;579369;0.00
2020-09-25 18:01:45;accept-method;579369;0.00
2020-09-25 18:03:29;reject-payment;579369;2246.38
2020-09-28 17:42:49;open-paystation;579369;0.00
2020-09-28 17:46:47;choose-method;579369;0.00
2020-09-28 17:48:12;accept-method;579369;0.00
2020-09-28 17:53:02;reject-payment;579369;445.32
2020-09-30 22:54:32;open-paystation;579369;0.00
2020-09-30 22:58:16;choose-method;579369;0.00
2020-09-30 22:59:51;accept-method;579369;0.00
2020-09-30 23:03:25;make-payment;579369;1734.40
2020-10-13 23:46:00;open-paystation;579369;0.00
2020-10-13 23:48:50;choose-method;579369;0.00
2020-10-13 23:50:46;accept-method;579369;0.00
2020-10-13 23:55:08;make-payment;579369;1588.39
2020-10-20 15:35:18;open-paystation;579369;0.00
2020-10-20 15:39:25;choose-method;579369;0.00
2020-10-20 15:41:33;accept-method;579369;0.00
2020-10-20 15:43:34;make-payment;579369;2102.78
2020-05-25 15:40:12;open-paystation;424388;0.00
2020-05-25 15:44:21;choose-method;424388;0.00
2020-05-25 15:45:39;accept-method;424388;0.00
2020-05-25 15:47:20;make-payment;424388;263.53
2020-05-30 17:26:47;open-paystation;424388;0.00
2020-05-30 17:29:05;choose-method;424388;0.00
2020-05-30 17:31:42;accept-method;424388;0.00
2020-05-30 17:36:03;make-payment;424388;760.13
2020-06-17 17:31:50;open-paystation;424388;0.00
2020-06-17 17:35:21;choose-method;424388;0.00
2020-06-17 17:37:57;accept-method;424388;0.00
2020-06-17 17:39:09;make-payment;424388;1090.52
2020-02-05 23:21:43;open-paystation;950427;0.00
2020-02-05 23:24:50;choose-method;950427;0.00
2020-02-05 23:26:35;accept-method;950427;0.00
2020-02-05 23:30:40;make-payment;950427;1317.92
2020-02-17 10:24:03;open-paystation;382596;0.00
2020-02-17 10:27:48;choose-method;382596;0.00
2020-02-17 10:30:45;accept-method;382596;0.00
2020-02-17 10:31:48;make-payment;382596;2238.95
2020-05-25 05:27:02;open-paystation;632642;0.00
2020-05-25 05:30:20;choose-method;632642;0.00
2020-05-25 05:32:30;accept-method;632642;0.00
2020-05-25 05:36:49;reject-payment;632642;2492.59
2020-06-07 13:01:19;open-paystation;632642;0.00
2020-06-07 13:04:01;choose-method;632642;0.00
2020-06-07 13:06:45;accept-method;632642;0.00
2020-06-07 13:08:20;make-payment;632642;1885.03
2020-06-09 15:49:07;open-paystation;632642;0.00
2020-06-09 15:51:10;choose-method;632642;0.00
2020-06-09 15:52:35;accept-method;632642;0.00
2020-06-09 15:57:20;make-payment;632642;1599.41
2020-09-08 10:57:51;open-paystation;756861;0.00
2020-09-08 11:02:26;choose-method;756861;0.00
2020-09-08 11:04:34;accept-method;756861;0.00
2020-09-08 11:07:44;reject-payment;756861;384.26
2020-12-19 08:39:01;open-paystation;130781;0.00
2020-12-19 08:43:18;choose-method;130781;0.00
2020-12-19 08:45:34;accept-method;130781;0.00
2020-12-19 08:47:57;make-payment;130781;2142.01
2020-12-25 13:19:27;open-paystation;130781;0.00
2020-12-25 13:21:30;choose-method;130781;0.00
2020-12-25 13:24:28;accept-method;130781;0.00
2020-12-25 13:26:57;make-payment;130781;2558.28
2021-01-09 21:34:29;open-paystation;130781;0.00
2021-01-09 21:36:37;choose-method;130781;0.00
2021-01-09 21:38:25;accept-method;130781;0.00
2021-01-09 21:42:55;make-payment;130781;189.59
2020-02-05 05:00:05;open-paystation;906165;0.00
2020-02-05 05:04:28;choose-method;906165;0.00
2020-02-05 05:06:49;accept-method;906165;0.00
2020-02-05 05:09:03;reject-payment;906165;1144.78
2020-02-07 16:59:45;open-paystation;906165;0.00
2020-02-07 17:02:52;choose-method;906165;0.00
2020-02-07 17:05:14;accept-method;906165;0.00
2020-02-07 17:06:23;make-payment;906165;2252.98
2020-02-09 02:17:37;open-paystation;906165;0.00
2020-02-09 02:22:35;choose-method;906165;0.00
2020-02-09 02:24:17;accept-method;906165;0.00
2020-02-09 02:26:39;make-payment;906165;1413.31
2020-04-19 22:21:06;open-paystation;125200;0.00
2020-04-19 22:23:21;choose-method;125200;0.00
2020-04-19 22:25:24;accept-method;125200;0.00
2020-04-19 22:27:51;make-payment;125200;544.79
2020-04-23 05:07:22;open-paystation;125200;0.00
2020-04-23 05:11:34;choose-method;125200;0.00
2020-04-23 05:13:49;accept-method;125200;0.00
2020-04-23 05:16:57;reject-payment;125200;2170.49
2020-05-06 12:13:54;open-paystation;125200;0.00
2020-05-06 12:18:43;choose-method;125200;0.00
2020-05-06 12:20:53;accept-method;125200;0.00
2020-05-06 12:23:31;make-payment;125200;2999.18
2020-05-08 01:45:33;open-paystation;125200;0.00
2020-05-08 01:50:14;choose-method;125200;0.00
2020-05-08 01:51:59;accept-method;125200;0.00
2020-05-08 01:55:36;make-payment;125200;1041.31
2020-08-03 01:36:21;open-paystation;781244;0.00
2020-08-03 01:38:31;choose-method;781244;0.00
2020-08-03 01:41:12;accept-method;781244;0.00
2020-08-03 01:45:56;make-payment;781244;325.78
2020-06-05 10:26:27;open-paystation;155633;0.00
2020-06-05 10:31:24;choose-method;155633;0.00
2020-06-05 10:32:30;accept-method;155633;0.00
2020-06-05 10:34:27;make-payment;155633;1317.40
2020-06-16 14:20:37;open-paystation;155633;0.00
2020-06-16 14:22:55;choose-method;155633;0.00
2020-06-16 14:25:07;accept-method;155633;0.00
2020-06-16 14:27:15;make-payment;155633;2669.38
2020-02-29 01:04:28;open-paystation;653600;0.00
2020-02-29 01:09:18;choose-method;653600;0.00
2020-02-29 01:11:13;accept-method;653600;0.00
2020-02-29 01:13:32;make-payment;653600;1174.58
2020-03-04 23:06:22;open-paystation;653600;0.00
2020-03-04 23:08:36;choose-method;653600;0.00
2020-03-04 23:10:12;accept-method;653600;0.00
2020-03-04 23:14:00;reject-payment;653600;2942.53
2020-03-15 04:35:35;open-paystation;653600;0.00
2020-03-15 04:39:20;choose-method;653600;0.00
2020-03-15 04:42:17;accept-method;653600;0.00
2020-03-15 04:44:03;make-payment;653600;812.87
2020-03-17 22:20:12;open-paystation;653600;0.00
2020-03-17 22:24:28;choose-method;653600;0.00
2020-03-17 22:27:24;accept-method;653600;0.00
2020-03-17 22:31:13;make-payment;653600;1957.43
2020-02-05 09:32:36;open-paystation;707729;0.00
2020-02-05 09:36:06;choose-method;707729;0.00
2020-02-05 09:38:39;accept-method;707729;0.00
2020-02-05 09:42:37;make-payment;707729;995.60
2020-02-11 02:25:52;open-paystation;707729;0.00
2020-02-11 02:28:17;choose-method;707729;0.00
2020-02-11 02:30:58;accept-method;707729;0.00
2020-02-11 02:35:42;reject-payment;707729;2129.94
2020-02-15 21:21:18;open-paystation;707729;0.00
2020-02-15 21:25:45;choose-method;707729;0.00
2020-02-15 21:27:20;accept-method;707729;0.00
2020-02-15 21:31:46;make-payment;707729;444.67
2020-02-20 22:52:34;open-paystation;707729;0.00
2020-02-20 22:57:11;choose-method;707729;0.00
2020-02-20 22:59:24;accept-method;707729;0.00
2020-02-20 23:02:28;reject-payment;707729;790.90
2020-03-05 14:04:45;open-paystation;707729;0.00
2020-03-05 14:08:31;choose-method;707729;0.00
2020-03-05 14:10:27;accept-method;707729;0.00
2020-03-05 14:14:04;make-payment;707729;2639.62
2020-03-12 03:51:31;open-paystation;707729;0.00
2020-03-12 03:54:28;choose-method;707729;0.00
2020-03-12 03:56:09;accept-method;707729;0.00
2020-03-12 04:00:21;reject-payment;707729;1204.45
2020-03-17 11:49:07;open-paystation;707729;0.00
2020-03-17 11:52:17;choose-method;707729;0.00
2020-03-17 11:54:31;accept-method;707729;0.00
2020-03-17 11:56:26;make-payment;707729;1059.17
2020-03-18 01:49:08;open-paystation;707729;0.00
2020-03-18 01:52:18;choose-method;707729;0.00
2020-03-18 01:55:05;accept-method;707729;0.00
2020-03-18 01:58:35;make-payment;707729;362.85
2020-02-07 14:18:14;open-paystation;532109;0.00
2020-02-07 14:22:23;choose-method;532109;0.00
2020-02-07 14:24:45;accept-method;532109;0.00
2020-02-07 14:26:29;make-payment;532109;1085.77
2020-10-21 03:59:28;open-paystation;716864;0.00
2020-10-21 04:03:45;choose-method;716864;0.00
2020-10-21 04:05:31;accept-method;716864;0.00
2020-10-21 04:07:22;make-payment;716864;793.76
2020-04-21 19:13:45;open-paystation;117785;0.00
2020-04-21 19:18:33;choose-method;117785;0.00
2020-04-21 19:20:28;accept-method;117785;0.00
2020-04-21 19:22:52;make-payment;117785;1801.60
2020-05-07 17:15:04;open-paystation;117785;0.00
2020-05-07 17:17:44;choose-method;117785;0.00
2020-05-07 17:20:13;accept-method;117785;0.00
2020-05-07 17:23:45;make-payment;117785;1538.64
2020-06-15 19:37:24;open-paystation;424209;0.00
2020-06-15 19:41:06;choose-method;424209;0.00
2020-06-15 19:43:34;accept-method;424209;0.00
2020-06-15 19:48:29;make-payment;424209;177.17
2020-06-19 14:22:31;open-paystation;424209;0.00
2020-06-19 14:27:10;choose-method;424209;0.00
2020-06-19 14:28:20;accept-method;424209;0.00
2020-06-19 14:31:50;make-payment;424209;1170.74
2020-09-27 22:54:12;open-paystation;178176;0.00
2020-09-27 22:58:02;choose-method;178176;0.00
2020-09-27 22:59:48;accept-method;178176;0.00
2020-09-27 23:03:18;make-payment;178176;950.37
2020-10-12 11:44:11;open-paystation;178176;0.00
2020-10-12 11:46:45;choose-method;178176;0.00
2020-10-12 11:48:11;accept-method;178176;0.00
2020-10-12 11:52:29;make-payment;178176;2745.79
2020-12-23 17:27:36;open-paystation;400566;0.00
2020-12-23 17:31:05;choose-method;400566;0.00
2020-12-23 17:32:41;accept-method;400566;0.00
2020-12-23 17:36:56;make-payment;400566;2877.33
2020-12-26 04:27:44;open-paystation;400566;0.00
2020-12-26 04:31:14;choose-method;400566;0.00
2020-12-26 04:33:36;accept-method;400566;0.00
2020-12-26 04:35:54;make-payment;400566;1615.05
2021-01-02 12:09:47;open-paystation;400566;0.00
2021-01-02 12:11:58;choose-method;400566;0.00
2021-01-02 12:14:47;accept-method;400566;0.00
2021-01-02 12:17:40;make-payment;400566;1406.47
2020-05-21 22:28:17;open-paystation;221050;0.00
2020-05-21 22:31:23;choose-method;221050;0.00
2020-05-21 22:33:28;accept-method;221050;0.00
2020-05-21 22:35:32;make-payment;221050;2811.59
2020-05-22 16:20:35;open-paystation;221050;0.00
2020-05-22 16:25:13;choose-method;221050;0.00
2020-05-22 16:27:24;accept-method;221050;0.00
2020-05-22 16:29:28;make-payment;221050;2652.24
2020-07-28 12:53:34;open-paystation;821538;0.00
2020-07-28 12:55:56;choose-method;821538;0.00
2020-07-28 12:57:17;accept-method;821538;0.00
2020-07-28 13:02:06;reject-payment;821538;2759.63
2020-08-02 12:20:45;open-paystation;821538;0.00
2020-08-02 12:24:23;choose-method;821538;0.00
2020-08-02 12:26:44;accept-method;821538;0.00
2020-08-02 12:28:03;make-payment;821538;710.10
2020-08-26 22:30:40;open-paystation;645444;0.00
2020-08-26 22:35:14;choose-method;645444;0.00
2020-08-26 22:38:01;accept-method;645444;0.00
2020-08-26 22:39:30;make-payment;645444;1405.44
2020-09-03 23:16:06;open-paystation;645444;0.00
2020-09-03 23:19:22;choose-method;645444;0.00
2020-09-03 23:21:59;accept-method;645444;0.00
2020-09-03 23:26:21;reject-payment;645444;373.22
2020-10-08 05:16:14;open-paystation;861065;0.00
2020-10-08 05:18:28;choose-method;861065;0.00
2020-10-08 05:19:37;accept-method;861065;0.00
2020-10-08 05:24:10;make-payment;861065;645.16
2020-10-17 21:36:49;open-paystation;861065;0.00
2020-10-17 21:39:11;choose-method;861065;0.00
2020-10-17 21:41:50;accept-method;861065;0.00
2020-10-17 21:43:27;make-payment;861065;2413.01
2020-10-26 11:37:20;open-paystation;861065;0.00
2020-10-26 11:39:44;choose-method;861065;0.00
2020-10-26 11:41:43;accept-method;861065;0.00
2020-10-26 11:45:02;reject-payment;861065;1435.65
2020-06-11 08:09:02;open-paystation;422213;0.00
2020-06-11 08:11:46;choose-method;422213;0.00
2020-06-11 08:14:23;accept-method;422213;0.00
2020-06-11 08:19:03;make-payment;422213;1184.21
2020-05-16 12:05:21;open-paystation;511647;0.00
2020-05-16 12:07:27;choose-method;511647;0.00
2020-05-16 12:08:33;accept-method;511647;0.00
2020-05-16 12:11:36;reject-payment;511647;2946.86
2020-05-24 03:54:20;open-paystation;511647;0.00
2020-05-24 03:58:53;choose-method;511647;0.00
2020-05-24 04:01:38;accept-method;511647;0.00
2020-05-24 04:03:49;reject-payment;511647;2180.31
2020-05-30 03:54:48;open-paystation;511647;0.00
2020-05-30 03:59:15;choose-method;511647;0.00
2020-05-30 04:02:03;accept-method;511647;0.00
2020-05-30 04:04:07;make-payment;511647;2685.33
2020-12-30 10:12:10;open-paystation;160034;0.00
2020-12-30 10:14:56;choose-method;160034;0.00
2020-12-30 10:16:42;accept-method;160034;0.00
2020-12-30 10:19:54;make-payment;160034;949.53
2020-04-22 20:40:41;open-paystation;196352;0.00
2020-04-22 20:43:13;choose-method;196352;0.00
2020-04-22 20:44:47;accept-method;196352;0.00
2020-04-22 20:47:45;make-payment;196352;2061.00
2020-04-30 14:01:24;open-paystation;196352;0.00
2020-04-30 14:04:35;choose-method;196352;0.00
2020-04-30 14:07:08;accept-method;196352;0.00
2020-04-30 14:10:32;make-payment;196352;2213.57
2020-02-05 12:38:55;open-paystation;368264;0.00
2020-02-05 12:42:09;choose-method;368264;0.00
2020-02-05 12:43:29;accept-method;368264;0.00
2020-02-05 12:46:41;make-payment;368264;1616.41
2020-02-12 22:51:41;open-paystation;368264;0.00
2020-02-12 22:56:25;choose-method;368264;0.00
2020-02-12 22:58:43;accept-method;368264;0.00
2020-02-12 23:02:57;make-payment;368264;482.28
2020-02-25 00:21:46;open-paystation;368264;0.00
2020-02-25 00:26:27;choose-method;368264;0.00
2020-02-25 00:27:28;accept-method;368264;0.00
2020-02-25 00:29:47;make-payment;368264;2560.73
2020-07-19 21:39:36;open-paystation;807449;0.00
2020-07-19 21:42:10;choose-method;807449;0.00
2020-07-19 21:43:24;accept-method;807449;0.00
2020-07-19 21:45:06;make-payment;807449;1189.50
2020-07-22 13:19:20;open-paystation;807449;0.00
2020-07-22 13:22:50;choose-method;807449;0.00
2020-07-22 13:25:07;accept-method;807449;0.00
2020-07-22 13:26:10;make-payment;807449;2518.67
2020-10-21 17:13:11;open-paystation;667827;0.00
2020-10-21 17:16:07;choose-method;667827;0.00
2020-10-21 17:18:20;accept-method;667827;0.00
2020-10-21 17:21:22;reject-payment;667827;1511.65
2020-12-05 03:26:09;open-paystation;156789;0.00
2020-12-05 03:29:27;choose-method;156789;0.00
2020-12-05 03:31:10;accept-method;156789;0.00
2020-12-05 03:33:34;make-payment;156789;2888.01
2020-12-12 13:01:06;open-paystation;156789;0.00
2020-12-12 13:03:14;choose-method;156789;0.00
2020-12-12 13:04:57;accept-method;156789;0.00
2020-12-12 13:07:08;make-payment;156789;1591.31
2020-12-17 05:09:52;open-paystation;156789;0.00
2020-12-17 05:14:17;choose-method;156789;0.00
2020-12-17 05:17:16;accept-method;156789;0.00
2020-12-17 05:20:43;make-payment;156789;1865.21
2021-01-04 21:45:18;open-paystation;156789;0.00
2021-01-04 21:48:01;choose-method;156789;0.00
2021-01-04 21:50:30;accept-method;156789;0.00
2021-01-04 21:53:01;make-payment;156789;2767.00
2020-07-04 17:51:51;open-paystation;330628;0.00
2020-07-04 17:56:23;choose-method;330628;0.00
2020-07-04 17:59:22;accept-method;330628;0.00
2020-07-04 18:03:58;reject-payment;330628;2039.87
2020-12-16 13:46:59;open-paystation;620484;0.00
2020-12-16 13:50:47;choose-method;620484;0.00
2020-12-16 13:52:08;accept-method;620484;0.00
2020-12-16 13:55:58;reject-payment;620484;2521.46
2020-12-30 06:34:48;open-paystation;620484;0.00
2020-12-30 06:39:11;choose-method;620484;0.00
2020-12-30 06:42:07;accept-method;620484;0.00
2020-12-30 06:46:38;make-payment;620484;2740.09
2021-01-04 02:00:34;open-paystation;620484;0.00
2021-01-04 02:03:26;choose-method;620484;0.00
2021-01-04 02:06:06;accept-method;620484;0.00
2021-01-04 02:10:11;make-payment;620484;959.14
2020-07-17 04:44:38;open-paystation;661332;0.00
2020-07-17 04:49:20;choose-method;661332;0.00
2020-07-17 04:50:46;accept-method;661332;0.00
2020-07-17 04:52:02;make-payment;661332;1432.11
2020-07-19 05:37:31;open-paystation;661332;0.00
2020-07-19 05:39:42;choose-method;661332;0.00
2020-07-19 05:41:00;accept-method;661332;0.00
2020-07-19 05:42:25;make-payment;661332;2327.75
2020-07-25 07:02:37;open-paystation;741212;0.00
2020-07-25 07:06:24;choose-method;741212;0.00
2020-07-25 07:08:01;accept-method;741212;0.00
2020-07-25 07:10:53;make-payment;741212;2228.62
2020-08-01 23:10:53;open-paystation;741212;0.00
2020-08-01 23:15:09;choose-method;741212;0.00
2020-08-01 23:17:36;accept-method;741212;0.00
2020-08-01 23:19:48;make-payment;741212;2467.64
2020-08-30 10:32:36;open-paystation;741212;0.00
2020-08-30 10:36:54;choose-method;741212;0.00
2020-08-30 10:38:19;accept-method;741212;0.00
2020-08-30 10:41:37;reject-payment;741212;2389.12
2020-09-10 18:43:40;open-paystation;515537;0.00
2020-09-10 18:46:03;choose-method;515537;0.00
2020-09-10 18:48:26;accept-method;515537;0.00
2020-09-10 18:53:10;make-payment;515537;2339.09
2020-09-16 20:27:53;open-paystation;515537;0.00
2020-09-16 20:31:35;choose-method;515537;0.00
2020-09-16 20:32:53;accept-method;515537;0.00
2020-09-16 20:34:01;reject-payment;515537;794.69
2020-09-22 07:40:20;open-paystation;515537;0.00
2020-09-22 07:45:18;choose-method;515537;0.00
2020-09-22 07:47:58;accept-method;515537;0.00
2020-09-22 07:49:29;make-payment;515537;2645.08
2020-11-10 03:58:42;open-paystation;804372;0.00
2020-11-10 04:02:33;choose-method;804372;0.00
2020-11-10 04:04:39;accept-method;804372;0.00
2020-11-10 04:09:05;make-payment;804372;620.64
2020-11-18 08:28:22;open-paystation;341005;0.00
2020-11-18 08:31:02;choose-method;341005;0.00
2020-11-18 08:33:21;accept-method;341005;0.00
2020-11-18 08:36:08;make-payment;341005;987.16
2020-12-07 15:32:37;open-paystation;341005;0.00
2020-12-07 15:36:53;choose-method;341005;0.00
2020-12-07 15:38:11;accept-method;341005;0.00
2020-12-07 15:40:38;reject-payment;341005;2588.45
2020-04-29 12:32:28;open-paystation;875234;0.00
2020-04-29 12:36:26;choose-method;875234;0.00
2020-04-29 12:37:41;accept-method;875234;0.00
2020-04-29 12:39:31;make-payment;875234;2532.91
2020-12-29 12:03:19;open-paystation;446969;0.00
2020-12-29 12:05:45;choose-method;446969;0.00
2020-12-29 12:06:54;accept-method;446969;0.00
2020-12-29 12:07:58;make-payment;446969;636.16
2021-01-03 00:21:54;open-paystation;446969;0.00
2021-01-03 00:25:02;choose-method;446969;0.00
2021-01-03 00:26:53;accept-method;446969;0.00
2021-01-03 00:30:23;reject-payment;446969;645.57
2020-08-20 11:40:29;open-paystation;632903;0.00
2020-08-20 11:44:20;choose-method;632903;0.00
2020-08-20 11:45:49;accept-method;632903;0.00
2020-08-20 11:49:40;reject-payment;632903;113.76
2020-08-28 19:12:41;open-paystation;632903;0.00
2020-08-28 19:15:26;choose-method;632903;0.00
2020-08-28 19:16:29;accept-method;632903;0.00
2020-08-28 19:18:14;make-payment;632903;1422.68
2020-09-01 19:25:01;open-paystation;632903;0.00
2020-09-01 19:27:15;choose-method;632903;0.00
2020-09-01 19:28:47;accept-method;632903;0.00
2020-09-01 19:30:53;reject-payment;632903;1428.89
2020-09-26 18:16:05;open-paystation;905075;0.00
2020-09-26 18:18:59;choose-method;905075;0.00
2020-09-26 18:21:23;accept-method;905075;0.00
2020-09-26 18:26:20;make-payment;905075;2027.33
2020-10-01 11:17:00;open-paystation;905075;0.00
2020-10-01 11:20:59;choose-method;905075;0.00
2020-10-01 11:22:52;accept-method;905075;0.00
2020-10-01 11:26:09;make-payment;905075;1592.64
2020-05-04 08:54:04;open-paystation;768428;0.00
2020-05-04 08:57:28;choose-method;768428;0.00
2020-05-04 08:58:37;accept-method;768428;0.00
2020-05-04 09:02:53;make-payment;768428;1398.80
2020-11-23 10:50:27;open-paystation;305487;0.00
2020-11-23 10:54:34;choose-method;305487;0.00
2020-11-23 10:56:33;accept-method;305487;0.00
2020-11-23 10:58:31;make-payment;305487;878.70
2020-11-28 13:31:36;open-paystation;305487;0.00
2020-11-28 13:35:59;choose-method;305487;0.00
2020-11-28 13:37:50;accept-method;305487;0.00
2020-11-28 13:42:41;make-payment;305487;1919.10
2020-12-10 18:53:13;open-paystation;305487;0.00
2020-12-10 18:55:16;choose-method;305487;0.00
2020-12-10 18:57:49;accept-method;305487;0.00
2020-12-10 19:00:47;make-payment;305487;592.86
2020-09-24 18:16:54;open-paystation;445521;0.00
2020-09-24 18:21:18;choose-method;445521;0.00
2020-09-24 18:23:23;accept-method;445521;0.00
2020-09-24 18:26:11;reject-payment;445521;917.55
2020-11-08 07:46:38;open-paystation;783372;0.00
2020-11-08 07:49:40;choose-method;783372;0.00
2020-11-08 07:52:00;accept-method;783372;0.00
2020-11-08 07:54:15;make-payment;783372;822.90
2020-11-14 04:42:39;open-paystation;783372;0.00
2020-11-14 04:44:55;choose-method;783372;0.00
2020-11-14 04:46:06;accept-method;783372;0.00
2020-11-14 04:50:59;make-payment;783372;1196.48
2020-11-20 09:12:46;open-paystation;783372;0.00
2020-11-20 09:15:45;choose-method;783372;0.00
2020-11-20 09:17:58;accept-method;783372;0.00
2020-11-20 09:19:31;reject-payment;783372;1184.25
2020-11-28 01:09:21;open-paystation;783372;0.00
2020-11-28 01:11:57;choose-method;783372;0.00
2020-11-28 01:14:27;accept-method;783372;0.00
2020-11-28 01:17:44;reject-payment;783372;2834.27
2020-11-30 12:53:46;open-paystation;783372;0.00
2020-11-30 12:57:20;choose-method;783372;0.00
2020-11-30 12:58:42;accept-method;783372;0.00
2020-11-30 13:01:38;make-payment;783372;999.22
2020-01-13 15:17:52;open-paystation;168341;0.00
2020-01-13 15:22:20;choose-method;168341;0.00
2020-01-13 15:24:22;accept-method;168341;0.00
2020-01-13 15:27:04;reject-payment;168341;269.29
2020-01-17 07:35:20;open-paystation;168341;0.00
2020-01-17 07:39:13;choose-method;168341;0.00
2020-01-17 07:41:26;accept-method;168341;0.00
2020-01-17 07:44:08;make-payment;168341;2104.63
2020-01-20 17:09:08;open-paystation;168341;0.00
2020-01-20 17:11:39;choose-method;168341;0.00
2020-01-20 17:13:16;accept-method;168341;0.00
2020-01-20 17:14:28;make-payment;168341;357.71
2020-01-27 00:39:07;open-paystation;168341;0.00
2020-01-27 00:43:58;choose-method;168341;0.00
2020-01-27 00:45:30;accept-method;168341;0.00
2020-01-27 00:46:52;make-payment;168341;2646.55
2020-01-28 05:38:36;open-paystation;168341;0.00
2020-01-28 05:43:20;choose-method;168341;0.00
2020-01-28 05:45:09;accept-method;168341;0.00
2020-01-28 05:49:02;make-payment;168341;320.68
2020-03-17 17:20:44;open-paystation;558778;0.00
2020-03-17 17:25:15;choose-method;558778;0.00
2020-03-17 17:27:45;accept-method;558778;0.00
2020-03-17 17:32:40;reject-payment;558778;2364.14
2020-03-24 12:14:46;open-paystation;558778;0.00
2020-03-24 12:18:51;choose-method;558778;0.00
2020-03-24 12:19:55;accept-method;558778;0.00
2020-03-24 12:24:16;reject-payment;558778;2795.11
2020-03-31 05:03:08;open-paystation;558778;0.00
2020-03-31 05:07:24;choose-method;558778;0.00
2020-03-31 05:10:20;accept-method;558778;0.00
2020-03-31 05:13:53;reject-payment;558778;2392.61
2020-04-01 20:14:38;open-paystation;558778;0.00
2020-04-01 20:18:42;choose-method;558778;0.00
2020-04-01 20:20:26;accept-method;558778;0.00
2020-04-01 20:25:18;make-payment;558778;1776.20
2020-04-13 02:26:04;open-paystation;558778;0.00
2020-04-13 02:30:52;choose-method;558778;0.00
2020-04-13 02:33:28;accept-method;558778;0.00
2020-04-13 02:36:33;make-payment;558778;305.66
2020-04-19 23:47:00;open-paystation;558778;0.00
2020-04-19 23:50:24;choose-method;558778;0.00
2020-04-19 23:52:59;accept-method;558778;0.00
2020-04-19 23:54:12;make-payment;558778;2831.66
2020-04-22 03:11:06;open-paystation;558778;0.00
2020-04-22 03:13:16;choose-method;558778;0.00
2020-04-22 03:15:55;accept-method;558778;0.00
2020-04-22 03:20:46;make-payment;558778;2200.67
2020-08-30 10:31:28;open-paystation;378691;0.00
2020-08-30 10:35:47;choose-method;378691;0.00
2020-08-30 10:37:14;accept-method;378691;0.00
2020-08-30 10:39:21;make-payment;378691;2486.03
2020-09-01 06:10:23;open-paystation;378691;0.00
2020-09-01 06:13:39;choose-method;378691;0.00
2020-09-01 06:15:35;accept-method;378691;0.00
2020-09-01 06:19:12;make-payment;378691;885.67
2020-09-08 02:02:52;open-paystation;378691;0.00
2020-09-08 02:06:43;choose-method;378691;0.00
2020-09-08 02:07:53;accept-method;378691;0.00
2020-09-08 02:09:06;make-payment;378691;2170.37
2020-12-21 16:08:14;open-paystation;488795;0.00
2020-12-21 16:11:44;choose-method;488795;0.00
2020-12-21 16:14:07;accept-method;488795;0.00
2020-12-21 16:16:20;make-payment;488795;1907.52
2021-01-05 04:13:35;open-paystation;488795;0.00
2021-01-05 04:17:08;choose-method;488795;0.00
2021-01-05 04:18:18;accept-method;488795;0.00
2021-01-05 04:19:54;make-payment;488795;665.67
2020-11-04 23:09:21;open-paystation;229215;0.00
2020-11-04 23:13:09;choose-method;229215;0.00
2020-11-04 23:14:49;accept-method;229215;0.00
2020-11-04 23:19:08;make-payment;229215;2196.01
2020-02-14 23:19:58;open-paystation;384809;0.00
2020-02-14 23:24:30;choose-method;384809;0.00
2020-02-14 23:27:03;accept-method;384809;0.00
2020-02-14 23:30:08;make-payment;384809;636.09
2020-02-19 18:44:44;open-paystation;384809;0.00
2020-02-19 18:47:20;choose-method;384809;0.00
2020-02-19 18:48:37;accept-method;384809;0.00
2020-02-19 18:50:19;reject-payment;384809;1560.95
2021-01-05 17:23:58;open-paystation;614870;0.00
2021-01-05 17:26:50;choose-method;614870;0.00
2021-01-05 17:28:38;accept-method;614870;0.00
2021-01-05 17:30:44;make-payment;614870;927.37
2020-10-26 17:18:37;open-paystation;669134;0.00
2020-10-26 17:23:34;choose-method;669134;0.00
2020-10-26 17:25:21;accept-method;669134;0.00
2020-10-26 17:28:08;make-payment;669134;105.48
2020-10-31 00:16:26;open-paystation;669134;0.00
2020-10-31 00:19:09;choose-method;669134;0.00
2020-10-31 00:21:14;accept-method;669134;0.00
2020-10-31 00:26:00;make-payment;669134;602.55
2020-11-04 13:40:50;open-paystation;669134;0.00
2020-11-04 13:42:57;choose-method;669134;0.00
2020-11-04 13:45:07;accept-method;669134;0.00
2020-11-04 13:48:12;make-payment;669134;400.35
2020-05-27 20:29:25;open-paystation;319407;0.00
2020-05-27 20:33:57;choose-method;319407;0.00
2020-05-27 20:36:49;accept-method;319407;0.00
2020-05-27 20:40:15;make-payment;319407;1698.69
2020-06-19 23:47:20;open-paystation;319407;0.00
2020-06-19 23:49:29;choose-method;319407;0.00
2020-06-19 23:52:24;accept-method;319407;0.00
2020-06-19 23:54:22;reject-payment;319407;2192.37
2020-08-08 13:51:46;open-paystation;163779;0.00
2020-08-08 13:56:07;choose-method;163779;0.00
2020-08-08 13:59:02;accept-method;163779;0.00
2020-08-08 14:03:44;reject-payment;163779;1595.79
2020-08-15 09:20:33;open-paystation;163779;0.00
2020-08-15 09:24:11;choose-method;163779;0.00
2020-08-15 09:26:24;accept-method;163779;0.00
2020-08-15 09:28:32;make-payment;163779;2529.31
2020-04-24 17:15:45;open-paystation;260062;0.00
2020-04-24 17:20:40;choose-method;260062;0.00
2020-04-24 17:22:54;accept-method;260062;0.00
2020-04-24 17:25:57;reject-payment;260062;2977.56
2020-10-08 09:27:11;open-paystation;719318;0.00
2020-10-08 09:29:57;choose-method;719318;0.00
2020-10-08 09:32:42;accept-method;719318;0.00
2020-10-08 09:37:31;reject-payment;719318;980.56
2020-10-13 20:22:34;open-paystation;719318;0.00
2020-10-13 20:25:55;choose-method;719318;0.00
2020-10-13 20:28:53;accept-method;719318;0.00
2020-10-13 20:30:17;make-payment;719318;1463.76
2020-10-14 20:19:00;open-paystation;719318;0.00
2020-10-14 20:23:44;choose-method;719318;0.00
2020-10-14 20:25:49;accept-method;719318;0.00
2020-10-14 20:29:03;make-payment;719318;130.31
2020-10-22 14:54:34;open-paystation;719318;0.00
2020-10-22 14:57:55;choose-method;719318;0.00
2020-10-22 15:00:01;accept-method;719318;0.00
2020-10-22 15:02:24;make-payment;719318;1847.95
2020-11-01 22:04:06;open-paystation;719318;0.00
2020-11-01 22:08:29;choose-method;719318;0.00
2020-11-01 22:10:53;accept-method;719318;0.00
2020-11-01 22:15:36;make-payment;719318;960.38
2020-11-17 01:54:27;open-paystation;408965;0.00
2020-11-17 01:56:46;choose-method;408965;0.00
2020-11-17 01:58:56;accept-method;408965;0.00
2020-11-17 02:03:21;make-payment;408965;2446.70
2020-11-21 11:16:15;open-paystation;408965;0.00
2020-11-21 11:19:27;choose-method;408965;0.00
2020-11-21 11:21:07;accept-method;408965;0.00
2020-11-21 11:23:18;make-payment;408965;2328.99
2019-10-21 19:16:27;open-paystation;930950;0.00
2019-10-21 19:19:48;choose-method;930950;0.00
2019-10-21 19:21:38;accept-method;930950;0.00
2019-10-21 19:24:56;make-payment;930950;947.86
2019-10-27 13:06:54;open-paystation;930950;0.00
2019-10-27 13:11:40;choose-method;930950;0.00
2019-10-27 13:13:19;accept-method;930950;0.00
2019-10-27 13:17:32;make-payment;930950;1019.25
2019-11-02 16:22:25;open-paystation;930950;0.00
2019-11-02 16:27:17;choose-method;930950;0.00
2019-11-02 16:29:41;accept-method;930950;0.00
2019-11-02 16:32:20;make-payment;930950;2913.32
2019-11-09 06:51:44;open-paystation;930950;0.00
2019-11-09 06:54:32;choose-method;930950;0.00
2019-11-09 06:57:26;accept-method;930950;0.00
2019-11-09 07:00:02;make-payment;930950;2433.91
2019-11-20 22:39:06;open-paystation;930950;0.00
2019-11-20 22:42:41;choose-method;930950;0.00
2019-11-20 22:45:34;accept-method;930950;0.00
2019-11-20 22:49:58;reject-payment;930950;830.98
2019-12-09 01:21:18;open-paystation;930950;0.00
2019-12-09 01:24:22;choose-method;930950;0.00
2019-12-09 01:26:11;accept-method;930950;0.00
2019-12-09 01:28:14;make-payment;930950;2562.86
2019-10-29 20:00:57;open-paystation;933600;0.00
2019-10-29 20:05:41;choose-method;933600;0.00
2019-10-29 20:07:44;accept-method;933600;0.00
2019-10-29 20:11:34;make-payment;933600;2379.23
2020-01-03 11:44:19;open-paystation;607473;0.00
2020-01-03 11:49:15;choose-method;607473;0.00
2020-01-03 11:51:59;accept-method;607473;0.00
2020-01-03 11:53:35;reject-payment;607473;1231.01
2019-06-26 02:15:42;open-paystation;601136;0.00
2019-06-26 02:20:04;choose-method;601136;0.00
2019-06-26 02:22:05;accept-method;601136;0.00
2019-06-26 02:26:51;reject-payment;601136;420.75
2019-04-11 01:14:47;open-paystation;123878;0.00
2019-04-11 01:18:55;choose-method;123878;0.00
2019-04-11 01:20:42;accept-method;123878;0.00
2019-04-11 01:22:30;reject-payment;123878;1025.64
2019-05-02 03:48:16;open-paystation;233508;0.00
2019-05-02 03:50:34;choose-method;233508;0.00
2019-05-02 03:52:25;accept-method;233508;0.00
2019-05-02 03:55:38;make-payment;233508;1753.89
2019-04-09 21:06:05;open-paystation;101838;0.00
2019-04-09 21:10:56;choose-method;101838;0.00
2019-04-09 21:12:05;accept-method;101838;0.00
2019-04-09 21:16:22;reject-payment;101838;2361.66
2019-04-26 17:11:34;open-paystation;255008;0.00
2019-04-26 17:14:39;choose-method;255008;0.00
2019-04-26 17:16:47;accept-method;255008;0.00
2019-04-26 17:19:53;make-payment;255008;1120.26
2019-04-28 07:29:33;open-paystation;255008;0.00
2019-04-28 07:34:02;choose-method;255008;0.00
2019-04-28 07:36:47;accept-method;255008;0.00
2019-04-28 07:40:31;reject-payment;255008;2425.72
2019-05-10 09:30:03;open-paystation;255008;0.00
2019-05-10 09:35:01;choose-method;255008;0.00
2019-05-10 09:37:28;accept-method;255008;0.00
2019-05-10 09:42:18;make-payment;255008;248.27
2019-05-14 01:20:16;open-paystation;255008;0.00
2019-05-14 01:24:06;choose-method;255008;0.00
2019-05-14 01:25:40;accept-method;255008;0.00
2019-05-14 01:27:15;make-payment;255008;2303.49
2019-12-22 22:24:26;open-paystation;532504;0.00
2019-12-22 22:29:00;choose-method;532504;0.00
2019-12-22 22:30:47;accept-method;532504;0.00
2019-12-22 22:34:59;make-payment;532504;785.05
2019-06-11 16:44:04;open-paystation;581436;0.00
2019-06-11 16:48:35;choose-method;581436;0.00
2019-06-11 16:50:06;accept-method;581436;0.00
2019-06-11 16:52:24;make-payment;581436;1048.30
2019-09-14 21:31:03;open-paystation;501119;0.00
2019-09-14 21:33:42;choose-method;501119;0.00
2019-09-14 21:36:15;accept-method;501119;0.00
2019-09-14 21:39:27;reject-payment;501119;2762.49
2019-12-29 11:13:20;open-paystation;924537;0.00
2019-12-29 11:18:07;choose-method;924537;0.00
2019-12-29 11:20:00;accept-method;924537;0.00
2019-12-29 11:23:13;reject-payment;924537;1675.93
2019-04-14 20:17:11;open-paystation;614024;0.00
2019-04-14 20:20:25;choose-method;614024;0.00
2019-04-14 20:23:07;accept-method;614024;0.00
2019-04-14 20:27:23;reject-payment;614024;2238.48
2019-07-18 15:48:39;open-paystation;548379;0.00
2019-07-18 15:52:54;choose-method;548379;0.00
2019-07-18 15:55:07;accept-method;548379;0.00
2019-07-18 15:59:31;reject-payment;548379;2945.02
2019-07-24 17:42:27;open-paystation;548379;0.00
2019-07-24 17:47:24;choose-method;548379;0.00
2019-07-24 17:48:29;accept-method;548379;0.00
2019-07-24 17:51:05;make-payment;548379;366.23
2019-02-28 13:14:57;open-paystation;610577;0.00
2019-02-28 13:19:49;choose-method;610577;0.00
2019-02-28 13:21:48;accept-method;610577;0.00
2019-02-28 13:24:39;make-payment;610577;2742.18
2019-09-30 08:27:52;open-paystation;541125;0.00
2019-09-30 08:30:45;choose-method;541125;0.00
2019-09-30 08:31:56;accept-method;541125;0.00
2019-09-30 08:33:49;reject-payment;541125;2701.63
2019-10-12 07:04:12;open-paystation;541125;0.00
2019-10-12 07:07:35;choose-method;541125;0.00
2019-10-12 07:09:47;accept-method;541125;0.00
2019-10-12 07:14:12;make-payment;541125;1359.97
2019-10-04 07:27:00;open-paystation;380741;0.00
2019-10-04 07:31:06;choose-method;380741;0.00
2019-10-04 07:34:02;accept-method;380741;0.00
2019-10-04 07:38:07;make-payment;380741;685.20
2019-11-27 23:37:43;open-paystation;103716;0.00
2019-11-27 23:42:10;choose-method;103716;0.00
2019-11-27 23:43:55;accept-method;103716;0.00
2019-11-27 23:47:02;make-payment;103716;883.79
2019-06-28 00:45:09;open-paystation;359953;0.00
2019-06-28 00:49:11;choose-method;359953;0.00
2019-06-28 00:51:53;accept-method;359953;0.00
2019-06-28 00:55:52;make-payment;359953;799.01
2019-07-16 08:33:21;open-paystation;359953;0.00
2019-07-16 08:35:36;choose-method;359953;0.00
2019-07-16 08:37:46;accept-method;359953;0.00
2019-07-16 08:40:03;reject-payment;359953;1831.07
2019-07-26 11:24:18;open-paystation;359953;0.00
2019-07-26 11:29:17;choose-method;359953;0.00
2019-07-26 11:30:38;accept-method;359953;0.00
2019-07-26 11:34:35;reject-payment;359953;2727.16
2019-07-29 08:16:03;open-paystation;359953;0.00
2019-07-29 08:18:27;choose-method;359953;0.00
2019-07-29 08:21:10;accept-method;359953;0.00
2019-07-29 08:22:33;make-payment;359953;2287.15
2019-02-07 04:56:08;open-paystation;269083;0.00
2019-02-07 04:59:55;choose-method;269083;0.00
2019-02-07 05:02:05;accept-method;269083;0.00
2019-02-07 05:06:16;make-payment;269083;1529.47
2019-02-23 16:45:40;open-paystation;269083;0.00
2019-02-23 16:50:32;choose-method;269083;0.00
2019-02-23 16:53:18;accept-method;269083;0.00
2019-02-23 16:56:16;make-payment;269083;423.23
2019-11-29 06:12:29;open-paystation;415242;0.00
2019-11-29 06:14:56;choose-method;415242;0.00
2019-11-29 06:17:33;accept-method;415242;0.00
2019-11-29 06:18:59;reject-payment;415242;1219.28
2019-12-01 22:23:25;open-paystation;415242;0.00
2019-12-01 22:25:51;choose-method;415242;0.00
2019-12-01 22:27:54;accept-method;415242;0.00
2019-12-01 22:29:24;make-payment;415242;671.04
2019-10-27 20:24:20;open-paystation;245266;0.00
2019-10-27 20:28:43;choose-method;245266;0.00
2019-10-27 20:30:16;accept-method;245266;0.00
2019-10-27 20:31:34;make-payment;245266;2883.27
2019-11-05 12:36:47;open-paystation;245266;0.00
2019-11-05 12:39:26;choose-method;245266;0.00
2019-11-05 12:41:47;accept-method;245266;0.00
2019-11-05 12:43:56;make-payment;245266;1867.02
2019-07-21 00:50:27;open-paystation;846159;0.00
2019-07-21 00:53:41;choose-method;846159;0.00
2019-07-21 00:55:31;accept-method;846159;0.00
2019-07-21 00:57:34;make-payment;846159;728.53
2019-07-21 16:48:43;open-paystation;846159;0.00
2019-07-21 16:50:49;choose-method;846159;0.00
2019-07-21 16:53:14;accept-method;846159;0.00
2019-07-21 16:55:18;make-payment;846159;1814.05
2019-09-15 05:44:34;open-paystation;348471;0.00
2019-09-15 05:48:38;choose-method;348471;0.00
2019-09-15 05:51:28;accept-method;348471;0.00
2019-09-15 05:56:23;reject-payment;348471;1093.19
2019-09-21 06:40:37;open-paystation;348471;0.00
2019-09-21 06:44:51;choose-method;348471;0.00
2019-09-21 06:46:40;accept-method;348471;0.00
2019-09-21 06:48:47;make-payment;348471;1377.93
2019-09-25 03:15:24;open-paystation;348471;0.00
2019-09-25 03:19:22;choose-method;348471;0.00
2019-09-25 03:20:56;accept-method;348471;0.00
2019-09-25 03:23:48;make-payment;348471;1503.50
2019-10-05 03:14:02;open-paystation;348471;0.00
2019-10-05 03:16:46;choose-method;348471;0.00
2019-10-05 03:18:04;accept-method;348471;0.00
2019-10-05 03:20:17;make-payment;348471;2541.61
2019-10-17 11:45:30;open-paystation;348471;0.00
2019-10-17 11:49:57;choose-method;348471;0.00
2019-10-17 11:51:01;accept-method;348471;0.00
2019-10-17 11:54:10;make-payment;348471;1817.35
2019-03-14 12:26:01;open-paystation;694592;0.00
2019-03-14 12:28:28;choose-method;694592;0.00
2019-03-14 12:30:24;accept-method;694592;0.00
2019-03-14 12:35:20;reject-payment;694592;1907.78
2019-03-21 11:18:46;open-paystation;694592;0.00
2019-03-21 11:23:28;choose-method;694592;0.00
2019-03-21 11:26:13;accept-method;694592;0.00
2019-03-21 11:30:36;make-payment;694592;142.13
2019-06-26 01:57:17;open-paystation;940045;0.00
2019-06-26 02:00:04;choose-method;940045;0.00
2019-06-26 02:02:48;accept-method;940045;0.00
2019-06-26 02:06:30;make-payment;940045;2685.57
2019-07-13 20:16:05;open-paystation;577511;0.00
2019-07-13 20:20:07;choose-method;577511;0.00
2019-07-13 20:21:16;accept-method;577511;0.00
2019-07-13 20:23:24;make-payment;577511;1111.86
2019-12-29 17:49:16;open-paystation;788205;0.00
2019-12-29 17:52:01;choose-method;788205;0.00
2019-12-29 17:53:42;accept-method;788205;0.00
2019-12-29 17:57:53;make-payment;788205;1302.89
2019-02-06 08:07:50;open-paystation;260135;0.00
2019-02-06 08:11:18;choose-method;260135;0.00
2019-02-06 08:13:03;accept-method;260135;0.00
2019-02-06 08:15:10;make-payment;260135;1814.02
2019-02-10 07:15:38;open-paystation;260135;0.00
2019-02-10 07:20:33;choose-method;260135;0.00
2019-02-10 07:21:35;accept-method;260135;0.00
2019-02-10 07:25:11;reject-payment;260135;228.19
2019-02-14 07:45:22;open-paystation;260135;0.00
2019-02-14 07:48:36;choose-method;260135;0.00
2019-02-14 07:50:14;accept-method;260135;0.00
2019-02-14 07:52:00;make-payment;260135;2660.31
2019-03-10 09:22:19;open-paystation;260135;0.00
2019-03-10 09:26:06;choose-method;260135;0.00
2019-03-10 09:28:07;accept-method;260135;0.00
2019-03-10 09:29:44;make-payment;260135;2350.77
2019-03-14 03:08:09;open-paystation;260135;0.00
2019-03-14 03:10:26;choose-method;260135;0.00
2019-03-14 03:12:03;accept-method;260135;0.00
2019-03-14 03:15:45;make-payment;260135;190.07
2019-05-28 22:10:45;open-paystation;374356;0.00
2019-05-28 22:13:55;choose-method;374356;0.00
2019-05-28 22:15:54;accept-method;374356;0.00
2019-05-28 22:20:37;make-payment;374356;784.48
2019-12-16 18:32:07;open-paystation;524016;0.00
2019-12-16 18:35:39;choose-method;524016;0.00
2019-12-16 18:37:17;accept-method;524016;0.00
2019-12-16 18:38:50;make-payment;524016;783.26
2019-09-14 01:13:39;open-paystation;553628;0.00
2019-09-14 01:15:52;choose-method;553628;0.00
2019-09-14 01:17:09;accept-method;553628;0.00
2019-09-14 01:19:27;make-payment;553628;1539.83
2019-09-18 06:47:02;open-paystation;553628;0.00
2019-09-18 06:51:34;choose-method;553628;0.00
2019-09-18 06:53:52;accept-method;553628;0.00
2019-09-18 06:57:57;make-payment;553628;2589.90
2019-09-26 20:17:11;open-paystation;553628;0.00
2019-09-26 20:21:28;choose-method;553628;0.00
2019-09-26 20:22:47;accept-method;553628;0.00
2019-09-26 20:26:01;make-payment;553628;1920.21
2019-10-03 20:27:32;open-paystation;553628;0.00
2019-10-03 20:31:50;choose-method;553628;0.00
2019-10-03 20:34:39;accept-method;553628;0.00
2019-10-03 20:38:15;make-payment;553628;2156.66
2019-03-30 00:44:59;open-paystation;704287;0.00
2019-03-30 00:49:26;choose-method;704287;0.00
2019-03-30 00:51:46;accept-method;704287;0.00
2019-03-30 00:54:15;make-payment;704287;1389.81
2019-04-03 05:20:35;open-paystation;704287;0.00
2019-04-03 05:23:15;choose-method;704287;0.00
2019-04-03 05:26:13;accept-method;704287;0.00
2019-04-03 05:28:26;reject-payment;704287;2805.46
2019-06-15 20:20:42;open-paystation;871406;0.00
2019-06-15 20:24:55;choose-method;871406;0.00
2019-06-15 20:27:03;accept-method;871406;0.00
2019-06-15 20:30:45;make-payment;871406;2522.47
2019-06-20 17:17:22;open-paystation;871406;0.00
2019-06-20 17:19:46;choose-method;871406;0.00
2019-06-20 17:20:56;accept-method;871406;0.00
2019-06-20 17:23:54;make-payment;871406;995.36
2019-02-13 15:58:22;open-paystation;898039;0.00
2019-02-13 16:02:55;choose-method;898039;0.00
2019-02-13 16:05:23;accept-method;898039;0.00
2019-02-13 16:06:25;reject-payment;898039;2057.27
2019-09-15 01:47:53;open-paystation;955581;0.00
2019-09-15 01:51:38;choose-method;955581;0.00
2019-09-15 01:53:48;accept-method;955581;0.00
2019-09-15 01:57:41;make-payment;955581;2171.64
2019-09-17 10:40:39;open-paystation;955581;0.00
2019-09-17 10:44:10;choose-method;955581;0.00
2019-09-17 10:47:04;accept-method;955581;0.00
2019-09-17 10:51:09;make-payment;955581;2538.90
2019-09-21 04:20:17;open-paystation;955581;0.00
2019-09-21 04:24:15;choose-method;955581;0.00
2019-09-21 04:26:20;accept-method;955581;0.00
2019-09-21 04:30:52;make-payment;955581;2241.69
2019-10-01 23:36:46;open-paystation;955581;0.00
2019-10-01 23:39:23;choose-method;955581;0.00
2019-10-01 23:41:45;accept-method;955581;0.00
2019-10-01 23:45:54;reject-payment;955581;1072.67
2019-02-28 17:23:34;open-paystation;985971;0.00
2019-02-28 17:27:48;choose-method;985971;0.00
2019-02-28 17:30:07;accept-method;985971;0.00
2019-02-28 17:34:42;make-payment;985971;1244.76
2019-08-07 13:58:05;open-paystation;189902;0.00
2019-08-07 14:02:42;choose-method;189902;0.00
2019-08-07 14:05:39;accept-method;189902;0.00
2019-08-07 14:08:50;make-payment;189902;559.96
2019-08-20 22:08:56;open-paystation;189902;0.00
2019-08-20 22:13:25;choose-method;189902;0.00
2019-08-20 22:16:21;accept-method;189902;0.00
2019-08-20 22:19:03;make-payment;189902;2473.63
2019-08-29 18:09:29;open-paystation;189902;0.00
2019-08-29 18:13:22;choose-method;189902;0.00
2019-08-29 18:15:01;accept-method;189902;0.00
2019-08-29 18:16:17;make-payment;189902;2367.31
2019-09-02 16:57:34;open-paystation;189902;0.00
2019-09-02 17:02:25;choose-method;189902;0.00
2019-09-02 17:04:46;accept-method;189902;0.00
2019-09-02 17:06:40;make-payment;189902;498.15
2019-09-03 19:38:03;open-paystation;189902;0.00
2019-09-03 19:40:30;choose-method;189902;0.00
2019-09-03 19:43:02;accept-method;189902;0.00
2019-09-03 19:48:01;make-payment;189902;2742.29
2020-01-07 09:50:10;open-paystation;695618;0.00
2020-01-07 09:53:32;choose-method;695618;0.00
2020-01-07 09:55:29;accept-method;695618;0.00
2020-01-07 09:58:15;make-payment;695618;727.33
2019-09-09 17:52:18;open-paystation;434079;0.00
2019-09-09 17:55:10;choose-method;434079;0.00
2019-09-09 17:56:21;accept-method;434079;0.00
2019-09-09 18:01:20;reject-payment;434079;2739.59
2019-09-16 07:59:30;open-paystation;434079;0.00
2019-09-16 08:03:28;choose-method;434079;0.00
2019-09-16 08:05:25;accept-method;434079;0.00
2019-09-16 08:09:48;make-payment;434079;2509.47
2019-09-20 01:15:15;open-paystation;434079;0.00
2019-09-20 01:19:33;choose-method;434079;0.00
2019-09-20 01:22:04;accept-method;434079;0.00
2019-09-20 01:23:25;reject-payment;434079;2461.43
2019-05-29 14:01:57;open-paystation;649690;0.00
2019-05-29 14:04:59;choose-method;649690;0.00
2019-05-29 14:07:32;accept-method;649690;0.00
2019-05-29 14:09:28;make-payment;649690;236.35
2019-07-22 23:00:07;open-paystation;852166;0.00
2019-07-22 23:04:04;choose-method;852166;0.00
2019-07-22 23:06:35;accept-method;852166;0.00
2019-07-22 23:09:20;make-payment;852166;1165.77
2019-08-01 22:56:42;open-paystation;852166;0.00
2019-08-01 22:59:06;choose-method;852166;0.00
2019-08-01 23:01:48;accept-method;852166;0.00
2019-08-01 23:04:23;make-payment;852166;576.75
2019-12-26 05:10:40;open-paystation;400445;0.00
2019-12-26 05:14:29;choose-method;400445;0.00
2019-12-26 05:15:30;accept-method;400445;0.00
2019-12-26 05:19:54;make-payment;400445;835.30
2019-12-30 18:08:14;open-paystation;400445;0.00
2019-12-30 18:11:47;choose-method;400445;0.00
2019-12-30 18:13:54;accept-method;400445;0.00
2019-12-30 18:18:24;make-payment;400445;2685.36
2020-01-04 05:32:41;open-paystation;774499;0.00
2020-01-04 05:35:06;choose-method;774499;0.00
2020-01-04 05:36:34;accept-method;774499;0.00
2020-01-04 05:41:09;make-payment;774499;1900.02
2019-06-07 09:09:30;open-paystation;427407;0.00
2019-06-07 09:12:41;choose-method;427407;0.00
2019-06-07 09:15:33;accept-method;427407;0.00
2019-06-07 09:17:01;make-payment;427407;1374.73
2019-06-09 21:28:08;open-paystation;199942;0.00
2019-06-09 21:30:21;choose-method;199942;0.00
2019-06-09 21:31:50;accept-method;199942;0.00
2019-06-09 21:36:22;make-payment;199942;1863.23
2019-06-20 02:38:47;open-paystation;199942;0.00
2019-06-20 02:41:38;choose-method;199942;0.00
2019-06-20 02:43:26;accept-method;199942;0.00
2019-06-20 02:45:32;make-payment;199942;1189.40
2019-06-17 10:46:03;open-paystation;767717;0.00
2019-06-17 10:50:38;choose-method;767717;0.00
2019-06-17 10:52:12;accept-method;767717;0.00
2019-06-17 10:54:24;make-payment;767717;1023.94
2019-06-22 15:08:22;open-paystation;767717;0.00
2019-06-22 15:13:04;choose-method;767717;0.00
2019-06-22 15:16:01;accept-method;767717;0.00
2019-06-22 15:20:15;make-payment;767717;528.98
2019-03-15 01:28:49;open-paystation;929329;0.00
2019-03-15 01:32:42;choose-method;929329;0.00
2019-03-15 01:35:32;accept-method;929329;0.00
2019-03-15 01:40:17;make-payment;929329;1839.25
2019-05-24 09:44:10;open-paystation;764352;0.00
2019-05-24 09:47:56;choose-method;764352;0.00
2019-05-24 09:49:59;accept-method;764352;0.00
2019-05-24 09:54:19;make-payment;764352;141.88
2019-06-02 03:52:24;open-paystation;764352;0.00
2019-06-02 03:54:40;choose-method;764352;0.00
2019-06-02 03:57:17;accept-method;764352;0.00
2019-06-02 03:58:48;make-payment;764352;2273.06
2019-06-05 06:33:33;open-paystation;764352;0.00
2019-06-05 06:36:06;choose-method;764352;0.00
2019-06-05 06:37:43;accept-method;764352;0.00
2019-06-05 06:39:25;make-payment;764352;114.82
2019-06-14 17:07:10;open-paystation;764352;0.00
2019-06-14 17:11:58;choose-method;764352;0.00
2019-06-14 17:13:26;accept-method;764352;0.00
2019-06-14 17:17:38;reject-payment;764352;2458.55
2019-06-15 23:28:27;open-paystation;764352;0.00
2019-06-15 23:32:23;choose-method;764352;0.00
2019-06-15 23:34:50;accept-method;764352;0.00
2019-06-15 23:38:49;make-payment;764352;1558.11
2019-06-02 00:16:51;open-paystation;129298;0.00
2019-06-02 00:20:31;choose-method;129298;0.00
2019-06-02 00:22:46;accept-method;129298;0.00
2019-06-02 00:26:36;reject-payment;129298;1456.19
2019-12-30 22:31:38;open-paystation;691925;0.00
2019-12-30 22:36:27;choose-method;691925;0.00
2019-12-30 22:38:02;accept-method;691925;0.00
2019-12-30 22:42:33;reject-payment;691925;1020.51
2019-12-03 12:28:41;open-paystation;593115;0.00
2019-12-03 12:31:21;choose-method;593115;0.00
2019-12-03 12:34:05;accept-method;593115;0.00
2019-12-03 12:36:37;make-payment;593115;784.23
2019-02-06 20:22:45;open-paystation;522354;0.00
2019-02-06 20:25:10;choose-method;522354;0.00
2019-02-06 20:26:18;accept-method;522354;0.00
2019-02-06 20:30:45;reject-payment;522354;498.11
2019-02-10 13:15:10;open-paystation;522354;0.00
2019-02-10 13:18:36;choose-method;522354;0.00
2019-02-10 13:19:49;accept-method;522354;0.00
2019-02-10 13:24:23;make-payment;522354;480.60
2019-02-14 05:25:59;open-paystation;522354;0.00
2019-02-14 05:29:02;choose-method;522354;0.00
2019-02-14 05:31:05;accept-method;522354;0.00
2019-02-14 05:35:28;make-payment;522354;1412.35
2019-11-02 16:48:19;open-paystation;392929;0.00
2019-11-02 16:50:23;choose-method;392929;0.00
2019-11-02 16:53:14;accept-method;392929;0.00
2019-11-02 16:55:01;make-payment;392929;2814.45
2019-11-06 10:14:59;open-paystation;392929;0.00
2019-11-06 10:18:47;choose-method;392929;0.00
2019-11-06 10:20:38;accept-method;392929;0.00
2019-11-06 10:25:19;make-payment;392929;1242.26
2019-11-15 20:22:39;open-paystation;392929;0.00
2019-11-15 20:24:54;choose-method;392929;0.00
2019-11-15 20:27:06;accept-method;392929;0.00
2019-11-15 20:28:41;make-payment;392929;1026.95
2019-06-11 19:05:45;open-paystation;132547;0.00
2019-06-11 19:08:50;choose-method;132547;0.00
2019-06-11 19:11:46;accept-method;132547;0.00
2019-06-11 19:14:02;reject-payment;132547;676.96
2019-02-27 12:09:50;open-paystation;428261;0.00
2019-02-27 12:14:33;choose-method;428261;0.00
2019-02-27 12:17:31;accept-method;428261;0.00
2019-02-27 12:22:14;make-payment;428261;1869.78
2020-01-05 15:39:56;open-paystation;369610;0.00
2020-01-05 15:43:14;choose-method;369610;0.00
2020-01-05 15:46:12;accept-method;369610;0.00
2020-01-05 15:47:27;make-payment;369610;2641.67
2020-01-06 06:45:47;open-paystation;369610;0.00
2020-01-06 06:49:54;choose-method;369610;0.00
2020-01-06 06:51:26;accept-method;369610;0.00
2020-01-06 06:55:55;make-payment;369610;2744.84
2019-08-25 20:01:53;open-paystation;347184;0.00
2019-08-25 20:06:39;choose-method;347184;0.00
2019-08-25 20:09:32;accept-method;347184;0.00
2019-08-25 20:13:04;reject-payment;347184;1316.21
2019-09-28 12:18:38;open-paystation;347184;0.00
2019-09-28 12:21:58;choose-method;347184;0.00
2019-09-28 12:24:44;accept-method;347184;0.00
2019-09-28 12:27:25;make-payment;347184;1691.49
2019-07-25 08:08:47;open-paystation;828527;0.00
2019-07-25 08:13:13;choose-method;828527;0.00
2019-07-25 08:15:28;accept-method;828527;0.00
2019-07-25 08:18:54;make-payment;828527;2849.57
2019-02-02 06:21:33;open-paystation;311479;0.00
2019-02-02 06:24:09;choose-method;311479;0.00
2019-02-02 06:25:50;accept-method;311479;0.00
2019-02-02 06:28:00;make-payment;311479;991.68
2019-01-22 21:34:27;open-paystation;220214;0.00
2019-01-22 21:37:10;choose-method;220214;0.00
2019-01-22 21:39:43;accept-method;220214;0.00
2019-01-22 21:43:27;make-payment;220214;1990.43
2019-02-17 19:12:39;open-paystation;719967;0.00
2019-02-17 19:14:42;choose-method;719967;0.00
2019-02-17 19:17:06;accept-method;719967;0.00
2019-02-17 19:21:38;reject-payment;719967;1158.26
2019-02-25 07:09:05;open-paystation;719967;0.00
2019-02-25 07:12:04;choose-method;719967;0.00
2019-02-25 07:13:31;accept-method;719967;0.00
2019-02-25 07:18:27;make-payment;719967;1312.92
2019-03-08 05:02:25;open-paystation;719967;0.00
2019-03-08 05:06:10;choose-method;719967;0.00
2019-03-08 05:07:13;accept-method;719967;0.00
2019-03-08 05:08:50;make-payment;719967;161.18
2019-03-13 15:12:26;open-paystation;719967;0.00
2019-03-13 15:14:41;choose-method;719967;0.00
2019-03-13 15:15:50;accept-method;719967;0.00
2019-03-13 15:17:34;make-payment;719967;145.75
2019-07-25 10:08:02;open-paystation;855837;0.00
2019-07-25 10:10:51;choose-method;855837;0.00
2019-07-25 10:12:01;accept-method;855837;0.00
2019-07-25 10:15:41;make-payment;855837;1430.26
2019-07-29 01:16:32;open-paystation;855837;0.00
2019-07-29 01:21:04;choose-method;855837;0.00
2019-07-29 01:22:51;accept-method;855837;0.00
2019-07-29 01:24:40;make-payment;855837;2678.14
2019-08-05 08:33:02;open-paystation;855837;0.00
2019-08-05 08:35:28;choose-method;855837;0.00
2019-08-05 08:38:19;accept-method;855837;0.00
2019-08-05 08:42:49;make-payment;855837;646.15
2019-08-17 23:04:41;open-paystation;855837;0.00
2019-08-17 23:09:04;choose-method;855837;0.00
2019-08-17 23:11:14;accept-method;855837;0.00
2019-08-17 23:16:06;make-payment;855837;2358.72
2019-03-16 21:28:47;open-paystation;222807;0.00
2019-03-16 21:31:18;choose-method;222807;0.00
2019-03-16 21:33:29;accept-method;222807;0.00
2019-03-16 21:35:20;make-payment;222807;2703.61
2019-03-22 19:32:15;open-paystation;222807;0.00
2019-03-22 19:36:23;choose-method;222807;0.00
2019-03-22 19:38:52;accept-method;222807;0.00
2019-03-22 19:40:18;reject-payment;222807;1912.44
2019-03-25 15:40:14;open-paystation;382643;0.00
2019-03-25 15:44:05;choose-method;382643;0.00
2019-03-25 15:46:32;accept-method;382643;0.00
2019-03-25 15:49:07;make-payment;382643;1091.44
2019-07-01 04:41:38;open-paystation;485368;0.00
2019-07-01 04:46:16;choose-method;485368;0.00
2019-07-01 04:48:56;accept-method;485368;0.00
2019-07-01 04:50:34;make-payment;485368;2349.32
2019-07-13 23:12:20;open-paystation;485368;0.00
2019-07-13 23:15:02;choose-method;485368;0.00
2019-07-13 23:17:56;accept-method;485368;0.00
2019-07-13 23:22:04;make-payment;485368;480.85
2019-07-15 23:48:11;open-paystation;485368;0.00
2019-07-15 23:51:32;choose-method;485368;0.00
2019-07-15 23:54:30;accept-method;485368;0.00
2019-07-15 23:58:36;make-payment;485368;433.22
2019-07-22 15:45:45;open-paystation;485368;0.00
2019-07-22 15:48:27;choose-method;485368;0.00
2019-07-22 15:51:04;accept-method;485368;0.00
2019-07-22 15:54:35;make-payment;485368;2057.08
2019-07-28 04:08:48;open-paystation;485368;0.00
2019-07-28 04:12:15;choose-method;485368;0.00
2019-07-28 04:13:30;accept-method;485368;0.00
2019-07-28 04:15:33;make-payment;485368;1114.42
2019-05-01 05:12:53;open-paystation;399420;0.00
2019-05-01 05:16:37;choose-method;399420;0.00
2019-05-01 05:18:52;accept-method;399420;0.00
2019-05-01 05:21:00;make-payment;399420;1778.42
2019-11-26 15:13:49;open-paystation;480905;0.00
2019-11-26 15:16:58;choose-method;480905;0.00
2019-11-26 15:18:13;accept-method;480905;0.00
2019-11-26 15:22:54;make-payment;480905;1352.26
2019-12-01 17:34:48;open-paystation;480905;0.00
2019-12-01 17:37:56;choose-method;480905;0.00
2019-12-01 17:39:48;accept-method;480905;0.00
2019-12-01 17:44:10;make-payment;480905;1850.86
2019-11-15 15:55:30;open-paystation;712702;0.00
2019-11-15 15:57:51;choose-method;712702;0.00
2019-11-15 16:00:46;accept-method;712702;0.00
2019-11-15 16:05:03;reject-payment;712702;2723.91
2019-11-22 04:20:59;open-paystation;712702;0.00
2019-11-22 04:24:24;choose-method;712702;0.00
2019-11-22 04:25:35;accept-method;712702;0.00
2019-11-22 04:28:19;make-payment;712702;480.88
2019-12-05 16:04:20;open-paystation;712702;0.00
2019-12-05 16:09:15;choose-method;712702;0.00
2019-12-05 16:11:56;accept-method;712702;0.00
2019-12-05 16:13:44;make-payment;712702;2734.87
2019-10-04 06:24:30;open-paystation;610936;0.00
2019-10-04 06:27:05;choose-method;610936;0.00
2019-10-04 06:28:30;accept-method;610936;0.00
2019-10-04 06:30:55;make-payment;610936;2415.54
2019-10-06 19:08:04;open-paystation;610936;0.00
2019-10-06 19:10:12;choose-method;610936;0.00
2019-10-06 19:12:58;accept-method;610936;0.00
2019-10-06 19:14:09;make-payment;610936;2080.15
2019-10-14 10:54:47;open-paystation;610936;0.00
2019-10-14 10:59:31;choose-method;610936;0.00
2019-10-14 11:01:24;accept-method;610936;0.00
2019-10-14 11:03:30;make-payment;610936;2458.79
2019-10-21 12:34:31;open-paystation;610936;0.00
2019-10-21 12:37:24;choose-method;610936;0.00
2019-10-21 12:39:18;accept-method;610936;0.00
2019-10-21 12:43:46;make-payment;610936;518.12
2020-01-03 11:18:48;open-paystation;712901;0.00
2020-01-03 11:23:27;choose-method;712901;0.00
2020-01-03 11:25:59;accept-method;712901;0.00
2020-01-03 11:29:02;reject-payment;712901;291.11
2019-03-14 16:58:05;open-paystation;263107;0.00
2019-03-14 17:00:28;choose-method;263107;0.00
2019-03-14 17:01:41;accept-method;263107;0.00
2019-03-14 17:06:18;reject-payment;263107;1072.91
2019-12-25 12:39:32;open-paystation;916524;0.00
2019-12-25 12:42:03;choose-method;916524;0.00
2019-12-25 12:44:41;accept-method;916524;0.00
2019-12-25 12:47:02;reject-payment;916524;1985.10
2019-05-27 05:16:09;open-paystation;893806;0.00
2019-05-27 05:19:32;choose-method;893806;0.00
2019-05-27 05:21:48;accept-method;893806;0.00
2019-05-27 05:23:42;make-payment;893806;2918.24
2019-05-29 22:13:23;open-paystation;893806;0.00
2019-05-29 22:15:41;choose-method;893806;0.00
2019-05-29 22:17:23;accept-method;893806;0.00
2019-05-29 22:20:43;make-payment;893806;1336.10
2019-08-29 02:35:01;open-paystation;128144;0.00
2019-08-29 02:37:25;choose-method;128144;0.00
2019-08-29 02:40:10;accept-method;128144;0.00
2019-08-29 02:42:08;make-payment;128144;2100.62
2019-09-07 20:11:47;open-paystation;128144;0.00
2019-09-07 20:14:46;choose-method;128144;0.00
2019-09-07 20:17:43;accept-method;128144;0.00
2019-09-07 20:22:14;make-payment;128144;1237.62
2019-09-16 05:21:24;open-paystation;128144;0.00
2019-09-16 05:26:18;choose-method;128144;0.00
2019-09-16 05:28:34;accept-method;128144;0.00
2019-09-16 05:29:51;make-payment;128144;1401.95
2019-10-05 17:55:24;open-paystation;579369;0.00
2019-10-05 17:59:04;choose-method;579369;0.00
2019-10-05 18:01:45;accept-method;579369;0.00
2019-10-05 18:03:29;reject-payment;579369;2246.38
2019-10-08 17:42:49;open-paystation;579369;0.00
2019-10-08 17:46:47;choose-method;579369;0.00
2019-10-08 17:48:12;accept-method;579369;0.00
2019-10-08 17:53:02;reject-payment;579369;445.32
2019-10-10 22:54:32;open-paystation;579369;0.00
2019-10-10 22:58:16;choose-method;579369;0.00
2019-10-10 22:59:51;accept-method;579369;0.00
2019-10-10 23:03:25;make-payment;579369;1734.40
2019-10-23 23:46:00;open-paystation;579369;0.00
2019-10-23 23:48:50;choose-method;579369;0.00
2019-10-23 23:50:46;accept-method;579369;0.00
2019-10-23 23:55:08;make-payment;579369;1588.39
2019-10-30 15:35:18;open-paystation;579369;0.00
2019-10-30 15:39:25;choose-method;579369;0.00
2019-10-30 15:41:33;accept-method;579369;0.00
2019-10-30 15:43:34;make-payment;579369;2102.78
2019-06-04 15:40:12;open-paystation;424388;0.00
2019-06-04 15:44:21;choose-method;424388;0.00
2019-06-04 15:45:39;accept-method;424388;0.00
2019-06-04 15:47:20;make-payment;424388;263.53
2019-06-09 17:26:47;open-paystation;424388;0.00
2019-06-09 17:29:05;choose-method;424388;0.00
2019-06-09 17:31:42;accept-method;424388;0.00
2019-06-09 17:36:03;make-payment;424388;760.13
2019-06-27 17:31:50;open-paystation;424388;0.00
2019-06-27 17:35:21;choose-method;424388;0.00
2019-06-27 17:37:57;accept-method;424388;0.00
2019-06-27 17:39:09;make-payment;424388;1090.52
2019-02-14 23:21:43;open-paystation;950427;0.00
2019-02-14 23:24:50;choose-method;950427;0.00
2019-02-14 23:26:35;accept-method;950427;0.00
2019-02-14 23:30:40;make-payment;950427;1317.92
2019-02-26 10:24:03;open-paystation;382596;0.00
2019-02-26 10:27:48;choose-method;382596;0.00
2019-02-26 10:30:45;accept-method;382596;0.00
2019-02-26 10:31:48;make-payment;382596;2238.95
2019-06-04 05:27:02;open-paystation;632642;0.00
2019-06-04 05:30:20;choose-method;632642;0.00
2019-06-04 05:32:30;accept-method;632642;0.00
2019-06-04 05:36:49;reject-payment;632642;2492.59
2019-06-17 13:01:19;open-paystation;632642;0.00
2019-06-17 13:04:01;choose-method;632642;0.00
2019-06-17 13:06:45;accept-method;632642;0.00
2019-06-17 13:08:20;make-payment;632642;1885.03
2019-06-19 15:49:07;open-paystation;632642;0.00
2019-06-19 15:51:10;choose-method;632642;0.00
2019-06-19 15:52:35;accept-method;632642;0.00
2019-06-19 15:57:20;make-payment;632642;1599.41
2019-09-18 10:57:51;open-paystation;756861;0.00
2019-09-18 11:02:26;choose-method;756861;0.00
2019-09-18 11:04:34;accept-method;756861;0.00
2019-09-18 11:07:44;reject-payment;756861;384.26
2019-12-29 08:39:01;open-paystation;130781;0.00
2019-12-29 08:43:18;choose-method;130781;0.00
2019-12-29 08:45:34;accept-method;130781;0.00
2019-12-29 08:47:57;make-payment;130781;2142.01
2020-01-04 13:19:27;open-paystation;130781;0.00
2020-01-04 13:21:30;choose-method;130781;0.00
2020-01-04 13:24:28;accept-method;130781;0.00
2020-01-04 13:26:57;make-payment;130781;2558.28
2019-02-14 05:00:05;open-paystation;906165;0.00
2019-02-14 05:04:28;choose-method;906165;0.00
2019-02-14 05:06:49;accept-method;906165;0.00
2019-02-14 05:09:03;reject-payment;906165;1144.78
2019-02-16 16:59:45;open-paystation;906165;0.00
2019-02-16 17:02:52;choose-method;906165;0.00
2019-02-16 17:05:14;accept-method;906165;0.00
2019-02-16 17:06:23;make-payment;906165;2252.98
2019-02-18 02:17:37;open-paystation;906165;0.00
2019-02-18 02:22:35;choose-method;906165;0.00
2019-02-18 02:24:17;accept-method;906165;0.00
2019-02-18 02:26:39;make-payment;906165;1413.31
2019-04-29 22:21:06;open-paystation;125200;0.00
2019-04-29 22:23:21;choose-method;125200;0.00
2019-04-29 22:25:24;accept-method;125200;0.00
2019-04-29 22:27:51;make-payment;125200;544.79
2019-05-03 05:07:22;open-paystation;125200;0.00
2019-05-03 05:11:34;choose-method;125200;0.00
2019-05-03 05:13:49;accept-method;125200;0.00
2019-05-03 05:16:57;reject-payment;125200;2170.49
2019-05-16 12:13:54;open-paystation;125200;0.00
2019-05-16 12:18:43;choose-method;125200;0.00
2019-05-16 12:20:53;accept-method;125200;0.00
2019-05-16 12:23:31;make-payment;125200;2999.18
2019-05-18 01:45:33;open-paystation;125200;0.00
2019-05-18 01:50:14;choose-method;125200;0.00
2019-05-18 01:51:59;accept-method;125200;0.00
2019-05-18 01:55:36;make-payment;125200;1041.31
2019-08-13 01:36:21;open-paystation;781244;0.00
2019-08-13 01:38:31;choose-method;781244;0.00
2019-08-13 01:41:12;accept-method;781244;0.00
2019-08-13 01:45:56;make-payment;781244;325.78
2019-06-15 10:26:27;open-paystation;155633;0.00
2019-06-15 10:31:24;choose-method;155633;0.00
2019-06-15 10:32:30;accept-method;155633;0.00
2019-06-15 10:34:27;make-payment;155633;1317.40
2019-06-26 14:20:37;open-paystation;155633;0.00
2019-06-26 14:22:55;choose-method;155633;0.00
2019-06-26 14:25:07;accept-method;155633;0.00
2019-06-26 14:27:15;make-payment;155633;2669.38
2019-03-10 01:04:28;open-paystation;653600;0.00
2019-03-10 01:09:18;choose-method;653600;0.00
2019-03-10 01:11:13;accept-method;653600;0.00
2019-03-10 01:13:32;make-payment;653600;1174.58
2019-03-14 23:06:22;open-paystation;653600;0.00
2019-03-14 23:08:36;choose-method;653600;0.00
2019-03-14 23:10:12;accept-method;653600;0.00
2019-03-14 23:14:00;reject-payment;653600;2942.53
2019-03-25 04:35:35;open-paystation;653600;0.00
2019-03-25 04:39:20;choose-method;653600;0.00
2019-03-25 04:42:17;accept-method;653600;0.00
2019-03-25 04:44:03;make-payment;653600;812.87
2019-03-27 22:20:12;open-paystation;653600;0.00
2019-03-27 22:24:28;choose-method;653600;0.00
2019-03-27 22:27:24;accept-method;653600;0.00
2019-03-27 22:31:13;make-payment;653600;1957.43
2019-02-14 09:32:36;open-paystation;707729;0.00
2019-02-14 09:36:06;choose-method;707729;0.00
2019-02-14 09:38:39;accept-method;707729;0.00
2019-02-14 09:42:37;make-payment;707729;995.60
2019-02-20 02:25:52;open-paystation;707729;0.00
2019-02-20 02:28:17;choose-method;707729;0.00
2019-02-20 02:30:58;accept-method;707729;0.00
2019-02-20 02:35:42;reject-payment;707729;2129.94
2019-02-24 21:21:18;open-paystation;707729;0.00
2019-02-24 21:25:45;choose-method;707729;0.00
2019-02-24 21:27:20;accept-method;707729;0.00
2019-02-24 21:31:46;make-payment;707729;444.67
2019-03-01 22:52:34;open-paystation;707729;0.00
2019-03-01 22:57:11;choose-method;707729;0.00
2019-03-01 22:59:24;accept-method;707729;0.00
2019-03-01 23:02:28;reject-payment;707729;790.90
2019-03-15 14:04:45;open-paystation;707729;0.00
2019-03-15 14:08:31;choose-method;707729;0.00
2019-03-15 14:10:27;accept-method;707729;0.00
2019-03-15 14:14:04;make-payment;707729;2639.62
2019-03-22 03:51:31;open-paystation;707729;0.00
2019-03-22 03:54:28;choose-method;707729;0.00
2019-03-22 03:56:09;accept-method;707729;0.00
2019-03-22 04:00:21;reject-payment;707729;1204.45
2019-03-27 11:49:07;open-paystation;707729;0.00
2019-03-27 11:52:17;choose-method;707729;0.00
2019-03-27 11:54:31;accept-method;707729;0.00
2019-03-27 11:56:26;make-payment;707729;1059.17
2019-03-28 01:49:08;open-paystation;707729;0.00
2019-03-28 01:52:18;choose-method;707729;0.00
2019-03-28 01:55:05;accept-method;707729;0.00
2019-03-28 01:58:35;make-payment;707729;362.85
2019-02-16 14:18:14;open-paystation;532109;0.00
2019-02-16 14:22:23;choose-method;532109;0.00
2019-02-16 14:24:45;accept-method;532109;0.00
2019-02-16 14:26:29;make-payment;532109;1085.77
2019-10-31 03:59:28;open-paystation;716864;0.00
2019-10-31 04:03:45;choose-method;716864;0.00
2019-10-31 04:05:31;accept-method;716864;0.00
2019-10-31 04:07:22;make-payment;716864;793.76
2019-05-01 19:13:45;open-paystation;117785;0.00
2019-05-01 19:18:33;choose-method;117785;0.00
2019-05-01 19:20:28;accept-method;117785;0.00
2019-05-01 19:22:52;make-payment;117785;1801.60
2019-05-17 17:15:04;open-paystation;117785;0.00
2019-05-17 17:17:44;choose-method;117785;0.00
2019-05-17 17:20:13;accept-method;117785;0.00
2019-05-17 17:23:45;make-payment;117785;1538.64
2019-06-25 19:37:24;open-paystation;424209;0.00
2019-06-25 19:41:06;choose-method;424209;0.00
2019-06-25 19:43:34;accept-method;424209;0.00
2019-06-25 19:48:29;make-payment;424209;177.17
2019-06-29 14:22:31;open-paystation;424209;0.00
2019-06-29 14:27:10;choose-method;424209;0.00
2019-06-29 14:28:20;accept-method;424209;0.00
2019-06-29 14:31:50;make-payment;424209;1170.74
2019-10-07 22:54:12;open-paystation;178176;0.00
2019-10-07 22:58:02;choose-method;178176;0.00
2019-10-07 22:59:48;accept-method;178176;0.00
2019-10-07 23:03:18;make-payment;178176;950.37
2019-10-22 11:44:11;open-paystation;178176;0.00
2019-10-22 11:46:45;choose-method;178176;0.00
2019-10-22 11:48:11;accept-method;178176;0.00
2019-10-22 11:52:29;make-payment;178176;2745.79
2020-01-02 17:27:36;open-paystation;400566;0.00
2020-01-02 17:31:05;choose-method;400566;0.00
2020-01-02 17:32:41;accept-method;400566;0.00
2020-01-02 17:36:56;make-payment;400566;2877.33
2020-01-05 04:27:44;open-paystation;400566;0.00
2020-01-05 04:31:14;choose-method;400566;0.00
2020-01-05 04:33:36;accept-method;400566;0.00
2020-01-05 04:35:54;make-payment;400566;1615.05
2019-05-31 22:28:17;open-paystation;221050;0.00
2019-05-31 22:31:23;choose-method;221050;0.00
2019-05-31 22:33:28;accept-method;221050;0.00
2019-05-31 22:35:32;make-payment;221050;2811.59
2019-06-01 16:20:35;open-paystation;221050;0.00
2019-06-01 16:25:13;choose-method;221050;0.00
2019-06-01 16:27:24;accept-method;221050;0.00
2019-06-01 16:29:28;make-payment;221050;2652.24
2019-08-07 12:53:34;open-paystation;821538;0.00
2019-08-07 12:55:56;choose-method;821538;0.00
2019-08-07 12:57:17;accept-method;821538;0.00
2019-08-07 13:02:06;reject-payment;821538;2759.63
2019-08-12 12:20:45;open-paystation;821538;0.00
2019-08-12 12:24:23;choose-method;821538;0.00
2019-08-12 12:26:44;accept-method;821538;0.00
2019-08-12 12:28:03;make-payment;821538;710.10
2019-09-05 22:30:40;open-paystation;645444;0.00
2019-09-05 22:35:14;choose-method;645444;0.00
2019-09-05 22:38:01;accept-method;645444;0.00
2019-09-05 22:39:30;make-payment;645444;1405.44
2019-09-13 23:16:06;open-paystation;645444;0.00
2019-09-13 23:19:22;choose-method;645444;0.00
2019-09-13 23:21:59;accept-method;645444;0.00
2019-09-13 23:26:21;reject-payment;645444;373.22
2019-10-18 05:16:14;open-paystation;861065;0.00
2019-10-18 05:18:28;choose-method;861065;0.00
2019-10-18 05:19:37;accept-method;861065;0.00
2019-10-18 05:24:10;make-payment;861065;645.16
2019-10-27 21:36:49;open-paystation;861065;0.00
2019-10-27 21:39:11;choose-method;861065;0.00
2019-10-27 21:41:50;accept-method;861065;0.00
2019-10-27 21:43:27;make-payment;861065;2413.01
2019-11-05 11:37:20;open-paystation;861065;0.00
2019-11-05 11:39:44;choose-method;861065;0.00
2019-11-05 11:41:43;accept-method;861065;0.00
2019-11-05 11:45:02;reject-payment;861065;1435.65
2019-06-21 08:09:02;open-paystation;422213;0.00
2019-06-21 08:11:46;choose-method;422213;0.00
2019-06-21 08:14:23;accept-method;422213;0.00
2019-06-21 08:19:03;make-payment;422213;1184.21
2019-05-26 12:05:21;open-paystation;511647;0.00
2019-05-26 12:07:27;choose-method;511647;0.00
2019-05-26 12:08:33;accept-method;511647;0.00
2019-05-26 12:11:36;reject-payment;511647;2946.86
2019-06-03 03:54:20;open-paystation;511647;0.00
2019-06-03 03:58:53;choose-method;511647;0.00
2019-06-03 04:01:38;accept-method;511647;0.00
2019-06-03 04:03:49;reject-payment;511647;2180.31
2019-06-09 03:54:48;open-paystation;511647;0.00
2019-06-09 03:59:15;choose-method;511647;0.00
2019-06-09 04:02:03;accept-method;511647;0.00
2019-06-09 04:04:07;make-payment;511647;2685.33
2020-01-09 10:12:10;open-paystation;160034;0.00
2020-01-09 10:14:56;choose-method;160034;0.00
2020-01-09 10:16:42;accept-method;160034;0.00
2020-01-09 10:19:54;make-payment;160034;949.53
2019-05-02 20:40:41;open-paystation;196352;0.00
2019-05-02 20:43:13;choose-method;196352;0.00
2019-05-02 20:44:47;accept-method;196352;0.00
2019-05-02 20:47:45;make-payment;196352;2061.00
2019-05-10 14:01:24;open-paystation;196352;0.00
2019-05-10 14:04:35;choose-method;196352;0.00
2019-05-10 14:07:08;accept-method;196352;0.00
2019-05-10 14:10:32;make-payment;196352;2213.57
2019-02-14 12:38:55;open-paystation;368264;0.00
2019-02-14 12:42:09;choose-method;368264;0.00
2019-02-14 12:43:29;accept-method;368264;0.00
2019-02-14 12:46:41;make-payment;368264;1616.41
2019-02-21 22:51:41;open-paystation;368264;0.00
2019-02-21 22:56:25;choose-method;368264;0.00
2019-02-21 22:58:43;accept-method;368264;0.00
2019-02-21 23:02:57;make-payment;368264;482.28
2019-03-06 00:21:46;open-paystation;368264;0.00
2019-03-06 00:26:27;choose-method;368264;0.00
2019-03-06 00:27:28;accept-method;368264;0.00
2019-03-06 00:29:47;make-payment;368264;2560.73
2019-07-29 21:39:36;open-paystation;807449;0.00
2019-07-29 21:42:10;choose-method;807449;0.00
2019-07-29 21:43:24;accept-method;807449;0.00
2019-07-29 21:45:06;make-payment;807449;1189.50
2019-08-01 13:19:20;open-paystation;807449;0.00
2019-08-01 13:22:50;choose-method;807449;0.00
2019-08-01 13:25:07;accept-method;807449;0.00
2019-08-01 13:26:10;make-payment;807449;2518.67
2019-10-31 17:13:11;open-paystation;667827;0.00
2019-10-31 17:16:07;choose-method;667827;0.00
2019-10-31 17:18:20;accept-method;667827;0.00
2019-10-31 17:21:22;reject-payment;667827;1511.65
2019-12-15 03:26:09;open-paystation;156789;0.00
2019-12-15 03:29:27;choose-method;156789;0.00
2019-12-15 03:31:10;accept-method;156789;0.00
2019-12-15 03:33:34;make-payment;156789;2888.01
2019-12-22 13:01:06;open-paystation;156789;0.00
2019-12-22 13:03:14;choose-method;156789;0.00
2019-12-22 13:04:57;accept-method;156789;0.00
2019-12-22 13:07:08;make-payment;156789;1591.31
2019-12-27 05:09:52;open-paystation;156789;0.00
2019-12-27 05:14:17;choose-method;156789;0.00
2019-12-27 05:17:16;accept-method;156789;0.00
2019-12-27 05:20:43;make-payment;156789;1865.21
